date,job title,company working,location working,link
1 hr ago,Deputy Store Manager,Lidl GB,Dunstable,https://www.reed.co.uk/jobs/deputy-store-manager/51175021?source=searchResults&filter=%2Fjobs%2Fjobs-in-bedfordshire%3Fdirect%3Dtrue%26dateCreatedOffSet%3Dtoday
1 hr ago,Insurance Underwriting Internal Auditor,Grant Thornton,United Kingdom,https://www.reed.co.uk/jobs/insurance-underwriting-internal-auditor/51174533?source=searchResults&filter=%2Fjobs%2Fjobs-in-bedfordshire%3Fdirect%3Dtrue%26dateCreatedOffSet%3Dtoday
1 hr ago,Graduate Management Trainee - Luton / Stevenage / Leighton Buzzard,Enterprise Rent-A-Car,Luton,https://www.reed.co.uk/jobs/graduate-management-trainee-luton-stevenage-leighton-buzzard/51176150?source=searchResults&filter=%2Fjobs%2Fjobs-in-bedfordshire%3Fdirect%3Dtrue%26dateCreatedOffSet%3Dtoday
1 hr ago,Graduate Management Trainee - Hemel Hempstead / Hatfield / St Albans,Enterprise Rent-A-Car,Hemel Hempstead,https://www.reed.co.uk/jobs/graduate-management-trainee-hemel-hempstead-hatfield-st-albans/51176134?source=searchResults&filter=%2Fjobs%2Fjobs-in-bedfordshire%3Fdirect%3Dtrue%26dateCreatedOffSet%3Dtoday
1 hr ago,Maintenance Electrician,Anglian Water,Milton Keynes,https://www.reed.co.uk/jobs/maintenance-electrician/51176131?source=searchResults&filter=%2Fjobs%2Fjobs-in-bedfordshire%3Fdirect%3Dtrue%26dateCreatedOffSet%3Dtoday
1 hr ago,Graduate Management Trainee - Milton Keynes,Enterprise Rent-A-Car,Milton Keynes,https://www.reed.co.uk/jobs/graduate-management-trainee-milton-keynes/51176114?source=searchResults&filter=%2Fjobs%2Fjobs-in-bedfordshire%3Fdirect%3Dtrue%26dateCreatedOffSet%3Dtoday
1 hr ago,Graduate Management Trainee - Bedford,Enterprise Rent-A-Car,Bedford,https://www.reed.co.uk/jobs/graduate-management-trainee-bedford/51176111?source=searchResults&filter=%2Fjobs%2Fjobs-in-bedfordshire%3Fdirect%3Dtrue%26dateCreatedOffSet%3Dtoday
1 hr ago,Senior Indirect Buyer,Sopra Steria,Hemel Hempstead,https://www.reed.co.uk/jobs/senior-indirect-buyer/51176003?source=searchResults&filter=%2Fjobs%2Fjobs-in-bedfordshire%3Fdirect%3Dtrue%26dateCreatedOffSet%3Dtoday
1 hr ago,Management Accountant,Connells Survey and Valuation,Leighton Buzzard,https://www.reed.co.uk/jobs/management-accountant/51175972?source=searchResults&filter=%2Fjobs%2Fjobs-in-bedfordshire%3Fdirect%3Dtrue%26dateCreatedOffSet%3Dtoday
1 hr ago,Deputy Store Manager,Lidl GB,Aylesbury,https://www.reed.co.uk/jobs/deputy-store-manager/51175905?source=searchResults&filter=%2Fjobs%2Fjobs-in-bedfordshire%3Fdirect%3Dtrue%26dateCreatedOffSet%3Dtoday
1 hr ago,Senior Motor Control Systems Engineer,MBDA,Stevenage,https://www.reed.co.uk/jobs/senior-motor-control-systems-engineer/51175875?source=searchResults&filter=%2Fjobs%2Fjobs-in-bedfordshire%3Fdirect%3Dtrue%26dateCreatedOffSet%3Dtoday
1 hr ago,ACCOUNT MANAGER (HEALTHCARE AGENCY),Guru Careers,Chesham,https://www.reed.co.uk/jobs/account-manager-healthcare-agency/51175763?source=searchResults&filter=%2Fjobs%2Fjobs-in-bedfordshire%3Fdirect%3Dtrue%26dateCreatedOffSet%3Dtoday
1 hr ago,Mat Well Technician,PHS Group Limited,"Woburn Road Industrial Estate, Kempston",https://www.reed.co.uk/jobs/mat-well-technician/51175685?source=searchResults&filter=%2Fjobs%2Fjobs-in-bedfordshire%3Fdirect%3Dtrue%26dateCreatedOffSet%3Dtoday
1 hr ago,Schools Liaison Officer,Fitzwilliam College,Cambridge,https://www.reed.co.uk/jobs/schools-liaison-officer/51175490?source=searchResults&filter=%2Fjobs%2Fjobs-in-bedfordshire%3Fdirect%3Dtrue%26dateCreatedOffSet%3Dtoday
1 hr ago,Deputy Store Manager,Lidl GB,Dunstable,https://www.reed.co.uk/jobs/deputy-store-manager/51175021?source=searchResults&filter=%2Fjobs%2Fjobs-in-bedfordshire%3Fdirect%3Dtrue%26dateCreatedOffSet%3Dtoday
1 hr ago,Deputy Store Manager,Lidl GB,Aylesbury,https://www.reed.co.uk/jobs/deputy-store-manager/51175019?source=searchResults&filter=%2Fjobs%2Fjobs-in-bedfordshire%3Fdirect%3Dtrue%26dateCreatedOffSet%3Dtoday
1 hr ago,Deputy Store Manager,Lidl GB,Luton,https://www.reed.co.uk/jobs/deputy-store-manager/51175020?source=searchResults&filter=%2Fjobs%2Fjobs-in-bedfordshire%3Fdirect%3Dtrue%26dateCreatedOffSet%3Dtoday
1 hr ago,Kitchen Assistant,Maria Mallaband Care Group,Aylesbury,https://www.reed.co.uk/jobs/kitchen-assistant/51174798?source=searchResults&filter=%2Fjobs%2Fjobs-in-bedfordshire%3Fdirect%3Dtrue%26dateCreatedOffSet%3Dtoday
1 hr ago,Executive Assistant,Founthill Ltd,St. Albans,https://www.reed.co.uk/jobs/executive-assistant/51174796?source=searchResults&filter=%2Fjobs%2Fjobs-in-bedfordshire%3Fdirect%3Dtrue%26dateCreatedOffSet%3Dtoday
1 hr ago,Hospitality,Maria Mallaband Care Group,Buckingham,https://www.reed.co.uk/jobs/hospitality/51174792?source=searchResults&filter=%2Fjobs%2Fjobs-in-bedfordshire%3Fdirect%3Dtrue%26dateCreatedOffSet%3Dtoday
1 hr ago,Insurance Underwriting Internal Auditor,Grant Thornton,United Kingdom,https://www.reed.co.uk/jobs/insurance-underwriting-internal-auditor/51174533?source=searchResults&filter=%2Fjobs%2Fjobs-in-bedfordshire%3Fdirect%3Dtrue%26dateCreatedOffSet%3Dtoday
1 hr ago,Interim Internal Auditor - Insurance,Grant Thornton,United Kingdom,https://www.reed.co.uk/jobs/interim-internal-auditor-insurance/51174531?source=searchResults&filter=%2Fjobs%2Fjobs-in-bedfordshire%3Fdirect%3Dtrue%26dateCreatedOffSet%3Dtoday
1 hr ago,Property Helpdesk Coordinator,Connells Group HQ,Caldecotte,https://www.reed.co.uk/jobs/property-helpdesk-coordinator/51173293?source=searchResults&filter=%2Fjobs%2Fjobs-in-bedfordshire%3Fdirect%3Dtrue%26dateCreatedOffSet%3Dtoday
1 hr ago,Hospitality,Maria Mallaband Care Group,Aylesbury,https://www.reed.co.uk/jobs/hospitality/51173272?source=searchResults&filter=%2Fjobs%2Fjobs-in-bedfordshire%3Fdirect%3Dtrue%26dateCreatedOffSet%3Dtoday
1 hr ago,Registered Nurse,Maria Mallaband Care Group,Aylesbury,https://www.reed.co.uk/jobs/registered-nurse/51173242?source=searchResults&filter=%2Fjobs%2Fjobs-in-bedfordshire%3Fdirect%3Dtrue%26dateCreatedOffSet%3Dtoday
2 hrs ago,Construction Site Technician,DB Group (Holdings) Limited,Milton Keynes,https://www.reed.co.uk/jobs/construction-site-technician/51172706?source=searchResults&filter=%2Fjobs%2Fjobs-in-bedfordshire%3Fdirect%3Dtrue%26dateCreatedOffSet%3Dtoday
2 hrs ago,Employment Coach HMP Aylesbury,The Forward Trust,Aylesbury,https://www.reed.co.uk/jobs/employment-coach-hmp-aylesbury/51172675?source=searchResults&filter=%2Fjobs%2Fjobs-in-bedfordshire%3Fdirect%3Dtrue%26dateCreatedOffSet%3Dtoday
1 hr ago,Deputy Store Manager,Lidl GB,Luton,https://www.reed.co.uk/jobs/deputy-store-manager/51175020?source=searchResults&filter=%2Fjobs%2Fjobs-in-bedfordshire%3FsortBy%3DdisplayDate%26direct%3Dtrue%26pageno%3D2%26dateCreatedOffSet%3Dtoday
3 hrs ago,Customer Assistant,Lidl GB,Bedford,https://www.reed.co.uk/jobs/customer-assistant/51171934?source=searchResults&filter=%2Fjobs%2Fjobs-in-bedfordshire%3FsortBy%3DdisplayDate%26direct%3Dtrue%26pageno%3D2%26dateCreatedOffSet%3Dtoday
3 hrs ago,7.5t Installation Driver,Vero HR,Raunds,https://www.reed.co.uk/jobs/75t-installation-driver/51172158?source=searchResults&filter=%2Fjobs%2Fjobs-in-bedfordshire%3FsortBy%3DdisplayDate%26direct%3Dtrue%26pageno%3D2%26dateCreatedOffSet%3Dtoday
3 hrs ago,Sales Agent - Insurance,Vermelo RPO,"St. Ives, Cambridgeshire",https://www.reed.co.uk/jobs/sales-agent-insurance/51172065?source=searchResults&filter=%2Fjobs%2Fjobs-in-bedfordshire%3FsortBy%3DdisplayDate%26direct%3Dtrue%26pageno%3D2%26dateCreatedOffSet%3Dtoday
3 hrs ago,Mortgage Adviser,The New Homes Group,Milton Keynes,https://www.reed.co.uk/jobs/mortgage-adviser/51171972?source=searchResults&filter=%2Fjobs%2Fjobs-in-bedfordshire%3FsortBy%3DdisplayDate%26direct%3Dtrue%26pageno%3D2%26dateCreatedOffSet%3Dtoday
3 hrs ago,Customer Assistant,Lidl GB,Bedford,https://www.reed.co.uk/jobs/customer-assistant/51171934?source=searchResults&filter=%2Fjobs%2Fjobs-in-bedfordshire%3FsortBy%3DdisplayDate%26direct%3Dtrue%26pageno%3D2%26dateCreatedOffSet%3Dtoday
3 hrs ago,Senior Store Assistant,Toolstation,Letchworth Garden City,https://www.reed.co.uk/jobs/senior-store-assistant/51171769?source=searchResults&filter=%2Fjobs%2Fjobs-in-bedfordshire%3FsortBy%3DdisplayDate%26direct%3Dtrue%26pageno%3D2%26dateCreatedOffSet%3Dtoday
5 hrs ago,Warehouse Support Assistant - Day Shift,CO-OP,Biggleswade,https://www.reed.co.uk/jobs/warehouse-support-assistant-day-shift/51171221?source=searchResults&filter=%2Fjobs%2Fjobs-in-bedfordshire%3FsortBy%3DdisplayDate%26direct%3Dtrue%26pageno%3D2%26dateCreatedOffSet%3Dtoday
5 hrs ago,Customer Care Advisor (Night Shift),bp pulse,Milton Keynes,https://www.reed.co.uk/jobs/customer-care-advisor-night-shift/51171210?source=searchResults&filter=%2Fjobs%2Fjobs-in-bedfordshire%3FsortBy%3DdisplayDate%26direct%3Dtrue%26pageno%3D2%26dateCreatedOffSet%3Dtoday
10 hrs ago,Retail Sales Assistant / Driver,Majestic Wine,Buckinghamshire,https://www.reed.co.uk/jobs/retail-sales-assistant-driver/51171160?source=searchResults&filter=%2Fjobs%2Fjobs-in-bedfordshire%3FsortBy%3DdisplayDate%26direct%3Dtrue%26pageno%3D2%26dateCreatedOffSet%3Dtoday
