locations,links,details
Bedfordshire,https://www.linkedin.com/jobs/search?keywords=&location=Bedfordshire%2C%20England%2C%20United%20Kingdom&locationId=&geoId=103047120&f_TPR=r86400&position=1&pageNum=0,success
Reading,https://www.linkedin.com/jobs/search?keywords=&location=Reading%2C%20England%2C%20United%20Kingdom&locationId=&geoId=112709004&f_TPR=r86400&distance=10&position=1&pageNum=0,unprocessed
Bristol,https://www.linkedin.com/jobs/search?keywords=&location=Bristol%2C%20England%2C%20United%20Kingdom&locationId=&geoId=105982022&f_TPR=r86400&position=1&pageNum=0,unprocessed
Buckinghamshire,https://www.linkedin.com/jobs/search?keywords=&location=Buckinghamshire%2C%20England%2C%20United%20Kingdom&locationId=&geoId=100312918&f_TPR=r86400&position=1&pageNum=0,unprocessed
Cambridgeshire,https://www.linkedin.com/jobs/search?keywords=&location=Cambridgeshire%2C%20England%2C%20United%20Kingdom&locationId=&geoId=102057244&f_TPR=r86400&position=1&pageNum=0,unprocessed
Cheshire,https://www.linkedin.com/jobs/search?keywords=&location=Cheshire%2C%20England%2C%20United%20Kingdom&locationId=&geoId=102797758&f_TPR=r86400&position=1&pageNum=0,unprocessed
Cornwall,https://www.linkedin.com/jobs/search?keywords=&location=Cornwall%2C%20England%2C%20United%20Kingdom&locationId=&geoId=102493435&f_TPR=r86400&position=1&pageNum=0,unprocessed
Cumbria,https://www.linkedin.com/jobs/search?keywords=&location=Cumbria%2C%20England%2C%20United%20Kingdom&locationId=&geoId=105804315&f_TPR=r86400&position=1&pageNum=0,unprocessed
Derbyshire,https://www.linkedin.com/jobs/search?keywords=&location=Derbyshire%2C%20England%2C%20United%20Kingdom&locationId=&geoId=105472287&f_TPR=r86400&position=1&pageNum=0,unprocessed
Devon,https://www.linkedin.com/jobs/search?keywords=&location=Devon%2C%20England%2C%20United%20Kingdom&locationId=&geoId=101338677&f_TPR=r86400&position=1&pageNum=0,unprocessed
Dorset,https://www.linkedin.com/jobs/search?keywords=&location=Dorset%2C%20England%2C%20United%20Kingdom&locationId=&geoId=104701245&f_TPR=r86400&position=1&pageNum=0,unprocessed
Durham,https://www.linkedin.com/jobs/search?keywords=&location=Durham%2C%20England%2C%20United%20Kingdom&locationId=&geoId=100525693&f_TPR=r86400&position=1&pageNum=0,unprocessed
Essex,https://www.linkedin.com/jobs/search?keywords=&location=Essex%2C%20England%2C%20United%20Kingdom&locationId=&geoId=105321710&f_TPR=r86400&position=1&pageNum=0,unprocessed
Gloucestershire,https://www.linkedin.com/jobs/search?keywords=&location=Gloucestershire%2C%20England%2C%20United%20Kingdom&locationId=&geoId=104897536&f_TPR=r86400&position=1&pageNum=0,unprocessed
Greater Manchester,https://www.linkedin.com/jobs/search?keywords=&location=Greater%20Manchester%2C%20England%2C%20United%20Kingdom&locationId=&geoId=105082928&f_TPR=r86400&position=1&pageNum=0,unprocessed
Hampshire,https://www.linkedin.com/jobs/search?keywords=&location=Hampshire%2C%20England%2C%20United%20Kingdom&locationId=&geoId=106123994&f_TPR=r86400&position=1&pageNum=0,unprocessed
Herefordshire,https://www.linkedin.com/jobs/search?keywords=&location=Herefordshire%2C%20England%2C%20United%20Kingdom&locationId=&geoId=104770966&f_TPR=r86400&position=1&pageNum=0,unprocessed
Hertfordshire,https://www.linkedin.com/jobs/search?keywords=&location=Hertfordshire%2C%20England%2C%20United%20Kingdom&locationId=&geoId=103872123&f_TPR=r86400&position=1&pageNum=0,unprocessed
Isle of Wight,https://www.linkedin.com/jobs/search?keywords=&location=Isle%20of%20Wight%2C%20England%2C%20United%20Kingdom&locationId=&geoId=102573845&f_TPR=r86400&position=1&pageNum=0,unprocessed
Kent,https://www.linkedin.com/jobs/search?keywords=&location=Kent%2C%20England%2C%20United%20Kingdom&locationId=&geoId=104820895&f_TPR=r86400&position=1&pageNum=0,unprocessed
Lancashire,https://www.linkedin.com/jobs/search?keywords=&location=Lancashire%2C%20England%2C%20United%20Kingdom&locationId=&geoId=102676082&f_TPR=r86400&position=1&pageNum=0,unprocessed
Leicestershire,https://www.linkedin.com/jobs/search?keywords=&location=Leicestershire%2C%20England%2C%20United%20Kingdom&locationId=&geoId=101944433&f_TPR=r86400&position=1&pageNum=0,unprocessed
Lincolnshire,https://www.linkedin.com/jobs/search?keywords=&location=Lincolnshire%2C%20England%2C%20United%20Kingdom&locationId=&geoId=103103829&f_TPR=r86400&position=1&pageNum=0,unprocessed
London,https://www.linkedin.com/jobs/search?keywords=&location=London%2C%20England%2C%20United%20Kingdom&locationId=&geoId=102257491&f_TPR=r86400&position=1&pageNum=0,unprocessed
Merseyside,https://www.linkedin.com/jobs/search?keywords=&location=Merseyside%2C%20England%2C%20United%20Kingdom&locationId=&geoId=103249531&f_TPR=r86400&position=1&pageNum=0,unprocessed
Liverpool,https://www.linkedin.com/jobs/search?keywords=&location=Liverpool%2C%20England%2C%20United%20Kingdom&locationId=&geoId=108577329&f_TPR=r86400&position=1&pageNum=0,unprocessed
Norfolk,https://www.linkedin.com/jobs/search?keywords=&location=Norfolk%2C%20England%2C%20United%20Kingdom&locationId=&geoId=103744951&f_TPR=r86400&position=1&pageNum=0,unprocessed
Northamptonshire,https://www.linkedin.com/jobs/search?keywords=&location=Northamptonshire%2C%20England%2C%20United%20Kingdom&locationId=&geoId=106630255&f_TPR=r86400&position=1&pageNum=0,unprocessed
Northumberland,https://www.linkedin.com/jobs/search?keywords=&location=Northumberland%2C%20England%2C%20United%20Kingdom&locationId=&geoId=104271276&f_TPR=r86400&position=1&pageNum=0,unprocessed
Nottinghamshire,https://www.linkedin.com/jobs/search?keywords=&location=Nottinghamshire%2C%20England%2C%20United%20Kingdom&locationId=&geoId=100245663&f_TPR=r86400&position=1&pageNum=0,unprocessed
Oxfordshire,https://www.linkedin.com/jobs/search?keywords=&location=Oxfordshire%2C%20England%2C%20United%20Kingdom&locationId=&geoId=107161656&f_TPR=r86400&position=1&pageNum=0,unprocessed
Shropshire,https://www.linkedin.com/jobs/search?keywords=&location=Shropshire%2C%20England%2C%20United%20Kingdom&locationId=&geoId=102339423&f_TPR=r86400&position=1&pageNum=0,unprocessed
Somerset,https://www.linkedin.com/jobs/search?keywords=&location=Somerset%2C%20England%2C%20United%20Kingdom&locationId=&geoId=106401808&f_TPR=r86400&position=1&pageNum=0,unprocessed
Staffordshire,https://www.linkedin.com/jobs/search?keywords=&location=Staffordshire%2C%20England%2C%20United%20Kingdom&locationId=&geoId=103719376&f_TPR=r86400&position=1&pageNum=0,unprocessed
Suffolk,https://www.linkedin.com/jobs/search?keywords=&location=Suffolk%2C%20England%2C%20United%20Kingdom&locationId=&geoId=100758706&f_TPR=r86400&position=1&pageNum=0,unprocessed
Surrey,https://www.linkedin.com/jobs/search?keywords=&location=Surrey%2C%20England%2C%20United%20Kingdom&locationId=&geoId=105663381&f_TPR=r86400&position=1&pageNum=0,unprocessed
West Sussex,https://www.linkedin.com/jobs/search?keywords=&location=West%20Sussex%2C%20England%2C%20United%20Kingdom&locationId=&geoId=103975684&f_TPR=r86400&position=1&pageNum=0,unprocessed
East Sussex,https://www.linkedin.com/jobs/search?keywords=&location=East%20Sussex%2C%20England%2C%20United%20Kingdom&locationId=&geoId=105890950&f_TPR=r86400&position=1&pageNum=0,unprocessed
Tyne and Wear,https://www.linkedin.com/jobs/search?keywords=&location=Tyneside%20Area&locationId=&geoId=90009512&f_TPR=r86400&position=1&pageNum=0,unprocessed
Warwickshire,https://www.linkedin.com/jobs/search?keywords=&location=Warwickshire%2C%20England%2C%20United%20Kingdom&locationId=&geoId=100659116&f_TPR=r86400&position=1&pageNum=0,unprocessed
Birmingham,https://www.linkedin.com/jobs/search?keywords=&location=Birmingham%2C%20England%2C%20United%20Kingdom&locationId=&geoId=100356971&f_TPR=r86400&distance=25&position=1&pageNum=0,unprocessed
Liverpool,https://www.linkedin.com/jobs/search?keywords=&location=Liverpool%2C%20England%2C%20United%20Kingdom&locationId=&geoId=108577329&f_TPR=r86400&position=1&pageNum=0,unprocessed
Wiltshire,https://www.linkedin.com/jobs/search?keywords=&location=Wiltshire%2C%20England%2C%20United%20Kingdom&locationId=&geoId=102797972&f_TPR=r86400&position=1&pageNum=0,unprocessed
Worcestershire,https://www.linkedin.com/jobs/search?keywords=&location=Worcestershire%2C%20England%2C%20United%20Kingdom&locationId=&geoId=101225057&f_TPR=r86400&position=1&pageNum=0,unprocessed
North Yorkshire,https://www.linkedin.com/jobs/search?keywords=&location=North%20Yorkshire%2C%20England%2C%20United%20Kingdom&locationId=&geoId=105818874&f_TPR=r86400&position=1&pageNum=0,unprocessed
East Riding of Yorkshire,https://www.linkedin.com/jobs/search?keywords=&location=East%20Riding%20of%20Yorkshire%2C%20England%2C%20United%20Kingdom&locationId=&geoId=103616020&f_TPR=r86400&position=1&pageNum=0,unprocessed
City of Glasgow,https://www.linkedin.com/jobs/search?keywords=&location=Glasgow%2C%20Scotland%2C%20United%20Kingdom&locationId=&geoId=102681496&f_TPR=r86400&distance=25&position=1&pageNum=0,unprocessed
West Yorkshire,https://www.linkedin.com/jobs/search?keywords=&location=West%20Yorkshire%2C%20England%2C%20United%20Kingdom&locationId=&geoId=104194865&f_TPR=r86400&position=1&pageNum=0,unprocessed
City of Edinburgh,https://www.linkedin.com/jobs/search?keywords=&location=Edinburgh%2C%20Scotland%2C%20United%20Kingdom&locationId=&geoId=100209086&f_TPR=r86400&distance=25&position=1&pageNum=0,unprocessed
Fife,https://www.linkedin.com/jobs/search?keywords=&location=Fife%2C%20Scotland%2C%20United%20Kingdom&locationId=&geoId=105529324&f_TPR=r86400&position=1&pageNum=0,unprocessed
Lanarkshire,https://www.linkedin.com/jobs/search?keywords=&location=North%20Lanarkshire%2C%20Scotland%2C%20United%20Kingdom&locationId=&geoId=105915823&f_TPR=r86400&position=1&pageNum=0,unprocessed
Aberdeenshire,https://www.linkedin.com/jobs/search?keywords=&location=Aberdeenshire%2C%20Scotland%2C%20United%20Kingdom&locationId=&geoId=100291732&f_TPR=r86400&position=1&pageNum=0,unprocessed
Highland,https://www.linkedin.com/jobs/search?keywords=&location=Highland%2C%20Scotland%2C%20United%20Kingdom&locationId=&geoId=100922900&f_TPR=r86400&position=1&pageNum=0,unprocessed
City of Aberdeen,https://www.linkedin.com/jobs/search?keywords=&location=Aberdeen%2C%20Scotland%2C%20United%20Kingdom&locationId=&geoId=103506580&f_TPR=r86400&distance=25&position=1&pageNum=0,unprocessed
West Lothian,https://www.linkedin.com/jobs/search?keywords=&location=West%20Lothian%2C%20Scotland%2C%20United%20Kingdom&locationId=&geoId=101872908&f_TPR=r86400&position=1&pageNum=0,unprocessed
Renfrewshire,https://www.linkedin.com/jobs/search?keywords=&location=Renfrewshire%2C%20Scotland%2C%20United%20Kingdom&locationId=&geoId=101542231&f_TPR=r86400&position=1&pageNum=0,unprocessed
Falkirk,https://www.linkedin.com/jobs/search?keywords=&location=Falkirk%2C%20Scotland%2C%20United%20Kingdom&locationId=&geoId=102164980&f_TPR=r86400&position=1&pageNum=0,unprocessed
Perth and Kinross,https://www.linkedin.com/jobs/search?keywords=&location=Perth%20and%20Kinross%2C%20Scotland%2C%20United%20Kingdom&locationId=&geoId=104268904&f_TPR=r86400&position=1&pageNum=0,unprocessed
Dumfries and Galloway,https://www.linkedin.com/jobs/search?keywords=&location=Dumfries%20and%20Galloway%2C%20Scotland%2C%20United%20Kingdom&locationId=&geoId=106096248&f_TPR=r86400&position=1&pageNum=0,unprocessed
City of Dundee,https://www.linkedin.com/jobs/search?keywords=&location=Dundee%2C%20Scotland%2C%20United%20Kingdom&locationId=&geoId=100074346&f_TPR=r86400&distance=25&position=1&pageNum=0,unprocessed
North Ayrshire,https://www.linkedin.com/jobs/search?keywords=&location=North%20Ayrshire%2C%20Scotland%2C%20United%20Kingdom&locationId=&geoId=105279035&f_TPR=r86400&position=1&pageNum=0,unprocessed
Angus,https://www.linkedin.com/jobs/search?keywords=&location=Angus%2C%20Scotland%2C%20United%20Kingdom&locationId=&geoId=101851363&f_TPR=r86400&position=1&pageNum=0,unprocessed
Scottish Borders,https://www.linkedin.com/jobs/search?keywords=&location=Scottish%20Borders%2C%20Scotland%2C%20United%20Kingdom&locationId=&geoId=101571991&f_TPR=r86400&position=1&pageNum=0,unprocessed
East Dunbartonshire,https://www.linkedin.com/jobs/search?keywords=&location=East%20Dunbartonshire%2C%20Scotland%2C%20United%20Kingdom&locationId=&geoId=100837527&f_TPR=r604800&position=1&pageNum=0,unprocessed
East Lothian,https://www.linkedin.com/jobs/search?keywords=&location=East%20Lothian%2C%20Scotland%2C%20United%20Kingdom&locationId=&geoId=100647450&f_TPR=r86400&position=1&pageNum=0,unprocessed
Moray,https://www.linkedin.com/jobs/search?keywords=&location=Moray%2C%20Scotland%2C%20United%20Kingdom&locationId=&geoId=103888180&f_TPR=r86400&position=1&pageNum=0,unprocessed
Stirling,https://www.linkedin.com/jobs/search?keywords=&location=Stirling%2C%20Scotland%2C%20United%20Kingdom&locationId=&geoId=106260798&f_TPR=r86400&position=1&pageNum=0,unprocessed
Midlothian,https://www.linkedin.com/jobs/search?keywords=&location=Midlothian%2C%20Scotland%2C%20United%20Kingdom&locationId=&geoId=101122843&f_TPR=r86400&position=1&pageNum=0,unprocessed
West Dunbartonshire,https://www.linkedin.com/jobs/search?keywords=&location=West%20Dunbartonshire%2C%20Scotland%2C%20United%20Kingdom&locationId=&geoId=105914524&f_TPR=r86400&position=1&pageNum=0,unprocessed
Argyll and Bute,https://www.linkedin.com/jobs/search?keywords=&location=Argyll%20and%20Bute%2C%20Scotland%2C%20United%20Kingdom&locationId=&geoId=103294053&f_TPR=r86400&position=1&pageNum=0,unprocessed
Inverclyde,https://www.linkedin.com/jobs/search?keywords=&location=Inverclyde%2C%20Scotland%2C%20United%20Kingdom&locationId=&geoId=104584151&f_TPR=r86400&position=1&pageNum=0,unprocessed
Clackmannanshire,https://www.linkedin.com/jobs/search?keywords=&location=Clackmannanshire%2C%20Scotland%2C%20United%20Kingdom&locationId=&geoId=100143421&f_TPR=r86400&position=1&pageNum=0,unprocessed
Western Isles,https://www.linkedin.com/jobs/search?keywords=&location=Western%20Isles%2C%20Scotland%2C%20United%20Kingdom&locationId=&geoId=102594538&f_TPR=r86400&position=1&pageNum=0,unprocessed
Shetland Islands,https://www.linkedin.com/jobs/search?keywords=&location=Shetland%2C%20Scotland%2C%20United%20Kingdom&locationId=&geoId=103795262&f_TPR=r86400&distance=25&position=1&pageNum=0,unprocessed
Orkney Islands,https://www.linkedin.com/jobs/search?keywords=&location=Orkney%20Islands%2C%20Scotland%2C%20United%20Kingdom&locationId=&geoId=102480028&f_TPR=r86400&position=1&pageNum=0,unprocessed
Wales,https://www.linkedin.com/jobs/search?keywords=&location=Wales%2C%20United%20Kingdom&locationId=&geoId=105912292&f_TPR=r86400&position=1&pageNum=0,unprocessed
Northern Ireland,https://www.linkedin.com/jobs/search?keywords=&location=Northern%20Ireland%2C%20United%20Kingdom&locationId=&geoId=104238452&f_TPR=r86400&position=1&pageNum=0,unprocessed
Barnet,https://www.linkedin.com/jobs/search?keywords=&location=Barnet%2C%20England%2C%20United%20Kingdom&locationId=&geoId=109221848&f_TPR=r86400&distance=2&position=1&pageNum=0,unprocessed
Bexley,https://www.linkedin.com/jobs/search?keywords=&location=London%20Borough%20of%20Bexley%2C%20England%2C%20United%20Kingdom&locationId=&geoId=109197183&f_TPR=r86400&distance=2&position=1&pageNum=0,unprocessed
Brent,https://www.linkedin.com/jobs/search?keywords=&location=London%20Borough%20of%20Brent%2C%20England%2C%20United%20Kingdom&locationId=&geoId=108619088&f_TPR=r86400&distance=2&position=1&pageNum=0,unprocessed
Bromley,https://www.linkedin.com/jobs/search?keywords=&location=Bromley%2C%20England%2C%20United%20Kingdom&locationId=&geoId=109863949&f_TPR=r86400&distance=2&position=1&pageNum=0,unprocessed
Camden,https://www.linkedin.com/jobs/search?keywords=&location=Camden%20Town%2C%20England%2C%20United%20Kingdom&locationId=&geoId=114276628&f_TPR=r86400&distance=2&position=1&pageNum=0,unprocessed
Croydon,https://www.linkedin.com/jobs/search?keywords=&location=Croydon%2C%20England%2C%20United%20Kingdom&locationId=&geoId=109267552&f_TPR=r86400&distance=2&position=1&pageNum=0,unprocessed
Ealing,https://www.linkedin.com/jobs/search?keywords=&location=Ealing%2C%20England%2C%20United%20Kingdom&locationId=&geoId=109212117&f_TPR=r86400&distance=2&position=1&pageNum=0,unprocessed
Enfield,https://www.linkedin.com/jobs/search?keywords=&location=Enfield%2C%20England%2C%20United%20Kingdom&locationId=&geoId=115062306&f_TPR=r86400&distance=2&position=1&pageNum=0,unprocessed
Greenwich,https://www.linkedin.com/jobs/search?keywords=&location=Greenwich%2C%20England%2C%20United%20Kingdom&locationId=&geoId=113034547&f_TPR=r86400&distance=2&position=1&pageNum=0,unprocessed
Hackney,https://www.linkedin.com/jobs/search?keywords=&location=Hackney%2C%20England%2C%20United%20Kingdom&locationId=&geoId=107865357&f_TPR=r86400&distance=2&position=1&pageNum=0,unprocessed
Hammersmith and Fulham,https://www.linkedin.com/jobs/search?keywords=&location=Hammersmith%2C%20England%2C%20United%20Kingdom&locationId=&geoId=113472755&f_TPR=r86400&distance=3&position=1&pageNum=0,unprocessed
Haringey,https://www.linkedin.com/jobs/search?keywords=&location=Haringey%2C%20England%2C%20United%20Kingdom&locationId=&geoId=110068933&f_TPR=r86400&distance=3&position=1&pageNum=0,unprocessed
Harrow,https://www.linkedin.com/jobs/search?keywords=&location=Harrow%2C%20England%2C%20United%20Kingdom&locationId=&geoId=114773436&f_TPR=r86400&distance=10&position=1&pageNum=0,unprocessed
Hounslow,https://www.linkedin.com/jobs/search?keywords=&location=Hounslow%2C%20England%2C%20United%20Kingdom&locationId=&geoId=115656434&f_TPR=r86400&distance=3&position=1&pageNum=0,unprocessed
Islington,https://www.linkedin.com/jobs/search?keywords=&location=Islington%2C%20England%2C%20United%20Kingdom&locationId=&geoId=113006709&f_TPR=r86400&distance=2&position=1&pageNum=0,unprocessed
Kensington and Chelsea,https://www.linkedin.com/jobs/search?keywords=&location=Kensington%2C%20England%2C%20United%20Kingdom&locationId=&geoId=111272232&f_TPR=r86400&distance=3&position=1&pageNum=0,unprocessed
Kingston upon Thames,https://www.linkedin.com/jobs/search?keywords=&location=Kingston%20upon%20Thames%2C%20England%2C%20United%20Kingdom&locationId=&geoId=108588856&f_TPR=r86400&distance=2&position=1&pageNum=0,unprocessed
Lambeth,https://www.linkedin.com/jobs/search?keywords=&location=Lambeth%2C%20England%2C%20United%20Kingdom&locationId=&geoId=115564955&f_TPR=r86400&distance=3&position=1&pageNum=0,unprocessed
Lewisham,https://www.linkedin.com/jobs/search?keywords=&location=Lewisham%2C%20England%2C%20United%20Kingdom&locationId=&geoId=111122301&f_TPR=r86400&distance=3&position=1&pageNum=0,unprocessed
Merton,https://www.linkedin.com/jobs/search?keywords=&location=Merton%2C%20England%2C%20United%20Kingdom&locationId=&geoId=106687985&f_TPR=r86400&distance=10&position=1&pageNum=0,unprocessed
Newham,https://www.linkedin.com/jobs/search?keywords=&location=Newham%2C%20England%2C%20United%20Kingdom&locationId=&geoId=113029557&f_TPR=r86400&distance=3&position=1&pageNum=0,unprocessed
Redbridge,https://www.linkedin.com/jobs/search?keywords=&location=London%20Borough%20of%20Redbridge%2C%20England%2C%20United%20Kingdom&locationId=&geoId=112803470&f_TPR=r86400&distance=3&position=1&pageNum=0,unprocessed
Richmond upon Thames,https://www.linkedin.com/jobs/search?keywords=&location=Richmond%2C%20England%2C%20United%20Kingdom&locationId=&geoId=113946308&f_TPR=r86400&distance=2&position=1&pageNum=0,unprocessed
Southwark,https://www.linkedin.com/jobs/search?keywords=&location=Southwark%2C%20England%2C%20United%20Kingdom&locationId=&geoId=109793197&f_TPR=&distance=3&position=1&pageNum=0,unprocessed
Tower Hamlets,https://www.linkedin.com/jobs/search?keywords=&location=Tower%20Hamlets%2C%20England%2C%20United%20Kingdom&locationId=&geoId=106018440&f_TPR=r86400&distance=3&position=1&pageNum=0,unprocessed
Wandsworth,https://www.linkedin.com/jobs/search?keywords=&location=Wandsworth%2C%20England%2C%20United%20Kingdom&locationId=&geoId=114619997&f_TPR=r86400&distance=3&position=1&pageNum=0,unprocessed
London Remote,https://www.linkedin.com/jobs/search?keywords=&location=London%20Area%2C%20United%20Kingdom&locationId=&geoId=90009496&f_TPR=r86400&f_WT=2&position=1&pageNum=0,unprocessed
London Onsite,https://www.linkedin.com/jobs/search?keywords=&location=London%20Area%2C%20United%20Kingdom&locationId=&geoId=90009496&f_TPR=r86400&f_WT=1&position=1&pageNum=0,unprocessed
London Hybrid,https://www.linkedin.com/jobs/search?keywords=&location=London%20Area%2C%20United%20Kingdom&locationId=&geoId=90009496&f_TPR=r86400&f_WT=3&position=1&pageNum=0,unprocessed
