locations,links,details,Unnamed: 2,Unnamed: 3,Unnamed: 4,Unnamed: 5,Unnamed: 6
Bedfordshire,https://www.totaljobs.com/jobs/in-Bedfordshire?radius=0&sort=1&action=facet_selected%3bcompanyTypes%3b2&companytypes=2&postedWithin=1,success,,date | job title | company working | location working | link,,,
Berkshire,https://www.totaljobs.com/jobs/in-Berkshire?radius=0&sort=1&action=facet_selected%3bcompanyTypes%3b2&companytypes=2&postedWithin=1,success,,,,,
Bristol,https://www.totaljobs.com/jobs/in-Bristol?radius=0&sort=1&action=facet_selected%3bcompanyTypes%3b2&companytypes=2&postedWithin=1,unprocessed,,,,,
Buckinghamshire,https://www.totaljobs.com/jobs/in-Buckinghamshire?radius=0&sort=1&action=facet_selected%3bcompanyTypes%3b2&companytypes=2&postedWithin=1,unprocessed,,job title,company working,location working,link
Cambridgeshire,https://www.totaljobs.com/jobs/in-Cambridgeshire?radius=0&sort=1&action=facet_selected%3bcompanyTypes%3b2&companytypes=2&postedWithin=1,unprocessed,,,,,
Cheshire,https://www.totaljobs.com/jobs/in-Cheshire?radius=0&sort=1&action=facet_selected%3bcompanyTypes%3b2&companytypes=2&postedWithin=1,unprocessed,,https://vimeo.com/859771073/c1f117e0a5,,,
Cornwall,https://www.totaljobs.com/jobs/in-Cornwall?radius=0&sort=1&action=facet_selected%3bcompanyTypes%3b2&companytypes=2&postedWithin=1,unprocessed,,,,,
Cumbria,https://www.totaljobs.com/jobs/in-Cumbria?radius=0&sort=1&action=facet_selected%3bcompanyTypes%3b2&companytypes=2&postedWithin=1,unprocessed,,,,,
Derbyshire,https://www.totaljobs.com/jobs/in-Derbyshire?radius=0&sort=1&action=facet_selected%3bcompanyTypes%3b2&companytypes=2&postedWithin=1,unprocessed,,,,,
Devon,https://www.totaljobs.com/jobs/in-Devon?radius=0&sort=1&action=facet_selected%3bcompanyTypes%3b2&companytypes=2&postedWithin=1,unprocessed,,,,,
Dorset,https://www.totaljobs.com/jobs/in-Dorset?radius=0&sort=1&action=facet_selected%3bcompanyTypes%3b2&companytypes=2&postedWithin=1,unprocessed,,,,,
Durham,https://www.totaljobs.com/jobs/in-Durham?radius=0&sort=1&action=facet_selected%3bcompanyTypes%3b2&companytypes=2&postedWithin=1,unprocessed,,,,,
Essex,https://www.totaljobs.com/jobs/in-Essex?radius=0&sort=1&action=facet_selected%3bcompanyTypes%3b2&companytypes=2&postedWithin=1,unprocessed,,,,,
Gloucestershire,https://www.totaljobs.com/jobs/in-Gloucestershire?radius=0&sort=1&action=facet_selected%3bcompanyTypes%3b2&companytypes=2&postedWithin=1,unprocessed,,,,,
Greater Manchester,https://www.totaljobs.com/jobs/in-Greater-Manchester?radius=0&sort=1&action=facet_selected%3bcompanyTypes%3b2&companytypes=2&postedWithin=1,unprocessed,,,,,
Hampshire,https://www.totaljobs.com/jobs/in-Hampshire?radius=0&sort=1&action=facet_selected%3bcompanyTypes%3b2&companytypes=2&postedWithin=1,unprocessed,,,,,
Herefordshire,https://www.totaljobs.com/jobs/in-Herefordshire?radius=0&sort=1&action=facet_selected%3bcompanyTypes%3b2&companytypes=2&postedWithin=1,unprocessed,,,,,
Hertfordshire,https://www.totaljobs.com/jobs/in-Hertfordshire?radius=0&sort=1&action=facet_selected%3bcompanyTypes%3b2&companytypes=2&postedWithin=1,unprocessed,,,,,
Isle of Wight,https://www.totaljobs.com/jobs/in-Isle-of-Wight?radius=0&sort=1&action=facet_selected%3bcompanyTypes%3b2&companytypes=2&postedWithin=1,unprocessed,,,,,
Kent,https://www.totaljobs.com/jobs/in-Kent?radius=0&sort=1&action=facet_selected%3bcompanyTypes%3b2&companytypes=2&postedWithin=1,unprocessed,,,,,
Lancashire,https://www.totaljobs.com/jobs/in-Lancashire?radius=0&sort=1&action=facet_selected%3bcompanyTypes%3b2&companytypes=2&postedWithin=1,unprocessed,,,,,
Leicestershire,https://www.totaljobs.com/jobs/in-Leicestershire?radius=0&sort=1&action=facet_selected%3bcompanyTypes%3b2&companytypes=2&postedWithin=1,unprocessed,,,,,
Lincolnshire,https://www.totaljobs.com/jobs/in-Lincolnshire?radius=0&sort=1&action=facet_selected%3bcompanyTypes%3b2&companytypes=2&postedWithin=1,unprocessed,,,,,
London,https://www.totaljobs.com/jobs/in-London?radius=0&sort=1&action=facet_selected%3bcompanyTypes%3b2&companytypes=2&postedWithin=1,unprocessed,,,,,
Merseyside,https://www.totaljobs.com/jobs/in-Merseyside?radius=0&sort=1&action=facet_selected%3bcompanyTypes%3b2&companytypes=2&postedWithin=1,unprocessed,,,,,
Norfolk,https://www.totaljobs.com/jobs/in-Norfolk?radius=0&sort=1&action=facet_selected%3bcompanyTypes%3b2&companytypes=2&postedWithin=1,unprocessed,,,,,
Northamptonshire,https://www.totaljobs.com/jobs/in-Northamptonshire?radius=0&sort=1&action=facet_selected%3bcompanyTypes%3b2&companytypes=2&postedWithin=1,unprocessed,,,,,
Northumberland,https://www.totaljobs.com/jobs/in-Northumberland?radius=0&sort=1&action=facet_selected%3bcompanyTypes%3b2&companytypes=2&postedWithin=1,unprocessed,,,,,
Nottinghamshire,https://www.totaljobs.com/jobs/in-Nottinghamshire?radius=0&sort=1&action=facet_selected%3bcompanyTypes%3b2&companytypes=2&postedWithin=1,unprocessed,,,,,
Oxfordshire,https://www.totaljobs.com/jobs/in-Oxfordshire?radius=0&sort=1&action=facet_selected%3bcompanyTypes%3b2&companytypes=2&postedWithin=1,unprocessed,,,,,
Rutland,https://www.totaljobs.com/jobs/in-Rutland?radius=0&sort=1&action=facet_selected%3bcompanyTypes%3b2&companytypes=2&postedWithin=1,unprocessed,,,,,
Shropshire,https://www.totaljobs.com/jobs/in-Shropshire?radius=0&sort=1&action=facet_selected%3bcompanyTypes%3b2&companytypes=2&postedWithin=1,unprocessed,,,,,
Somerset,https://www.totaljobs.com/jobs/in-Somerset?radius=0&sort=1&action=facet_selected%3bcompanyTypes%3b2&companytypes=2&postedWithin=1,unprocessed,,,,,
Staffordshire,https://www.totaljobs.com/jobs/in-Staffordshire?radius=0&sort=1&action=facet_selected%3bcompanyTypes%3b2&companytypes=2&postedWithin=1,unprocessed,,,,,
Suffolk,https://www.totaljobs.com/jobs/in-Suffolk?radius=0&sort=1&action=facet_selected%3bcompanyTypes%3b2&companytypes=2&postedWithin=1,unprocessed,,,,,
Surrey,https://www.totaljobs.com/jobs/in-Surrey?radius=0&sort=1&action=facet_selected%3bcompanyTypes%3b2&companytypes=2&postedWithin=1,unprocessed,,,,,
Sussex,https://www.totaljobs.com/jobs/in-Sussex?radius=0&sort=1&action=facet_selected%3bcompanyTypes%3b2&companytypes=2&postedWithin=1,unprocessed,,,,,
Tyne and Wear,https://www.totaljobs.com/jobs/in-Tyne-and-Wear?radius=0&sort=1&action=facet_selected%3bcompanyTypes%3b2&companytypes=2&postedWithin=1,unprocessed,,,,,
Warwickshire,https://www.totaljobs.com/jobs/in-Warwickshire?radius=0&sort=1&action=facet_selected%3bcompanyTypes%3b2&companytypes=2&postedWithin=1,unprocessed,,,,,
West Midlands,https://www.totaljobs.com/jobs/in-West-Midlands?radius=0&sort=1&action=facet_selected%3bcompanyTypes%3b2&companytypes=2&postedWithin=1,unprocessed,,,,,
Wiltshire,https://www.totaljobs.com/jobs/in-Wiltshire?radius=0&sort=1&action=facet_selected%3bcompanyTypes%3b2&companytypes=2&postedWithin=1,unprocessed,,,,,
Worcestershire,https://www.totaljobs.com/jobs/in-Worcestershire?radius=0&sort=1&action=facet_selected%3bcompanyTypes%3b2&companytypes=2&postedWithin=1,unprocessed,,,,,
Yorkshire,https://www.totaljobs.com/jobs/in-Yorkshire?radius=0&sort=1&action=facet_selected%3bcompanyTypes%3b2&companytypes=2&postedWithin=1,unprocessed,,,,,
City of Glasgow,https://www.totaljobs.com/jobs/in-City-of-Glasgow?radius=0&sort=1&action=facet_selected%3bcompanyTypes%3b2&companytypes=2&postedWithin=1,unprocessed,,,,,
City of Edinburgh,https://www.totaljobs.com/jobs/in-City-of-Edinburgh?radius=0&sort=1&action=facet_selected%3bcompanyTypes%3b2&companytypes=2&postedWithin=1,unprocessed,,,,,
Fife,https://www.totaljobs.com/jobs/in-Fife?radius=0&sort=1&action=facet_selected%3bcompanyTypes%3b2&companytypes=2&postedWithin=1,unprocessed,,,,,
South Lanarkshire,https://www.totaljobs.com/jobs/in-South-Lanarkshire?radius=0&sort=1&action=facet_selected%3bcompanyTypes%3b2&companytypes=2&postedWithin=1,unprocessed,,,,,
North Lanarkshire,https://www.totaljobs.com/jobs/in-North-Lanarkshire?radius=0&sort=1&action=facet_selected%3bcompanyTypes%3b2&companytypes=2&postedWithin=1,unprocessed,,,,,
Aberdeenshire,https://www.totaljobs.com/jobs/in-Aberdeenshire?radius=0&sort=1&action=facet_selected%3bcompanyTypes%3b2&companytypes=2&postedWithin=1,unprocessed,,,,,
Highland,https://www.totaljobs.com/jobs/in-Highland?radius=0&sort=1&action=facet_selected%3bcompanyTypes%3b2&companytypes=2&postedWithin=1,unprocessed,,,,,
West Lothian,https://www.totaljobs.com/jobs/in-West-Lothian?radius=0&sort=1&action=facet_selected%3bcompanyTypes%3b2&companytypes=2&postedWithin=1,unprocessed,,,,,
Renfrewshire,https://www.totaljobs.com/jobs/in-Renfrewshire?radius=0&sort=1&action=facet_selected%3bcompanyTypes%3b2&companytypes=2&postedWithin=1,unprocessed,,,,,
Falkirk,https://www.totaljobs.com/jobs/in-Falkirk?radius=0&sort=1&action=facet_selected%3bcompanyTypes%3b2&companytypes=2&postedWithin=1,unprocessed,,,,,
Perth and Kinross,https://www.totaljobs.com/jobs/in-Perth-and-Kinross?radius=0&sort=1&action=facet_selected%3bcompanyTypes%3b2&companytypes=2&postedWithin=1,unprocessed,,,,,
Dumfries and Galloway,https://www.totaljobs.com/jobs/in-Dumfries-and-Galloway?radius=0&sort=1&action=facet_selected%3bcompanyTypes%3b2&companytypes=2&postedWithin=1,unprocessed,,,,,
City of Dundee,https://www.totaljobs.com/jobs/in-City-of-Dundee?radius=0&sort=1&action=facet_selected%3bcompanyTypes%3b2&companytypes=2&postedWithin=1,unprocessed,,,,,
North Ayrshire,https://www.totaljobs.com/jobs/in-North-Ayrshire?radius=0&sort=1&action=facet_selected%3bcompanyTypes%3b2&companytypes=2&postedWithin=1,unprocessed,,,,,
South Ayrshire,https://www.totaljobs.com/jobs/in-South-Ayrshire?radius=0&sort=1&action=facet_selected%3bcompanyTypes%3b2&companytypes=2&postedWithin=1,unprocessed,,,,,
East Ayrshire,https://www.totaljobs.com/jobs/in-East-Ayrshire?radius=0&sort=1&action=facet_selected%3bcompanyTypes%3b2&companytypes=2&postedWithin=1,unprocessed,,,,,
Angus,https://www.totaljobs.com/jobs/in-Angus?radius=0&sort=1&action=facet_selected%3bcompanyTypes%3b2&companytypes=2&postedWithin=1,unprocessed,,,,,
Scottish Borders,https://www.totaljobs.com/jobs/in-Scottish-Borders?radius=0&sort=1&action=facet_selected%3bcompanyTypes%3b2&companytypes=2&postedWithin=1,unprocessed,,,,,
East Dunbartonshire,https://www.totaljobs.com/jobs/in-East-Dunbartonshire?radius=0&sort=1&action=facet_selected%3bcompanyTypes%3b2&companytypes=2&postedWithin=1,unprocessed,,,,,
East Lothian,https://www.totaljobs.com/jobs/in-East-Lothian?radius=0&sort=1&action=facet_selected%3bcompanyTypes%3b2&companytypes=2&postedWithin=1,unprocessed,,,,,
Moray,https://www.totaljobs.com/jobs/in-Moray?radius=0&sort=1&action=facet_selected%3bcompanyTypes%3b2&companytypes=2&postedWithin=1,unprocessed,,,,,
Stirling,https://www.totaljobs.com/jobs/in-Stirling?radius=0&sort=1&action=facet_selected%3bcompanyTypes%3b2&companytypes=2&postedWithin=1,unprocessed,,,,,
Midlothian,https://www.totaljobs.com/jobs/in-Midlothian?radius=0&sort=1&action=facet_selected%3bcompanyTypes%3b2&companytypes=2&postedWithin=1,unprocessed,,,,,
West Dunbartonshire,https://www.totaljobs.com/jobs/in-West-Dunbartonshire?radius=0&sort=1&action=facet_selected%3bcompanyTypes%3b2&companytypes=2&postedWithin=1,unprocessed,,,,,
Argyll and Bute,https://www.totaljobs.com/jobs/in-Argyll-and-Bute?radius=0&sort=1&action=facet_selected%3bcompanyTypes%3b2&companytypes=2&postedWithin=1,unprocessed,,,,,
Inverclyde,https://www.totaljobs.com/jobs/in-Inverclyde?radius=0&sort=1&action=facet_selected%3bcompanyTypes%3b2&companytypes=2&postedWithin=1,unprocessed,,,,,
Clackmannanshire,https://www.totaljobs.com/jobs/in-Clackmannanshire?radius=0&sort=1&action=facet_selected%3bcompanyTypes%3b2&companytypes=2&postedWithin=1,unprocessed,,,,,
Western Isles,https://www.totaljobs.com/jobs/in-Western-Isles?radius=0&sort=1&action=facet_selected%3bcompanyTypes%3b2&companytypes=2&postedWithin=1,unprocessed,,,,,
Shetland Islands,https://www.totaljobs.com/jobs/in-Shetland-Islands?radius=0&sort=1&action=facet_selected%3bcompanyTypes%3b2&companytypes=2&postedWithin=1,unprocessed,,,,,
Orkney Islands,https://www.totaljobs.com/jobs/in-Orkney-Islands?radius=0&sort=1&action=facet_selected%3bcompanyTypes%3b2&companytypes=2&postedWithin=1,unprocessed,,,,,
Blaenau Gwent,https://www.totaljobs.com/jobs/in-Blaenau-Gwent?radius=0&sort=1&action=facet_selected%3bcompanyTypes%3b2&companytypes=2&postedWithin=1,unprocessed,,,,,
Bridgend,https://www.totaljobs.com/jobs/in-Bridgend?radius=0&sort=1&action=facet_selected%3bcompanyTypes%3b2&companytypes=2&postedWithin=1,unprocessed,,,,,
Caerphilly,https://www.totaljobs.com/jobs/in-Caerphilly?radius=0&sort=1&action=facet_selected%3bcompanyTypes%3b2&companytypes=2&postedWithin=1,unprocessed,,,,,
Cardiff,https://www.totaljobs.com/jobs/in-Cardiff?radius=0&sort=1&action=facet_selected%3bcompanyTypes%3b2&companytypes=2&postedWithin=1,unprocessed,,,,,
Carmarthenshire,https://www.totaljobs.com/jobs/in-Carmarthenshire?radius=0&sort=1&action=facet_selected%3bcompanyTypes%3b2&companytypes=2&postedWithin=1,unprocessed,,,,,
Ceredigion,https://www.totaljobs.com/jobs/in-Ceredigion?radius=0&sort=1&action=facet_selected%3bcompanyTypes%3b2&companytypes=2&postedWithin=1,unprocessed,,,,,
Conwy,https://www.totaljobs.com/jobs/in-Conwy?radius=0&sort=1&action=facet_selected%3bcompanyTypes%3b2&companytypes=2&postedWithin=1,unprocessed,,,,,
Denbighshire,https://www.totaljobs.com/jobs/in-Denbighshire?radius=0&sort=1&action=facet_selected%3bcompanyTypes%3b2&companytypes=2&postedWithin=1,unprocessed,,,,,
Flintshire,https://www.totaljobs.com/jobs/in-Flintshire?radius=0&sort=1&action=facet_selected%3bcompanyTypes%3b2&companytypes=2&postedWithin=1,unprocessed,,,,,
Gwynedd,https://www.totaljobs.com/jobs/in-Gwynedd?radius=0&sort=1&action=facet_selected%3bcompanyTypes%3b2&companytypes=2&postedWithin=1,unprocessed,,,,,
Isle of Anglesey,https://www.totaljobs.com/jobs/in-Isle-of-Anglesey?radius=0&sort=1&action=facet_selected%3bcompanyTypes%3b2&companytypes=2&postedWithin=1,unprocessed,,,,,
Merthyr Tydfil,https://www.totaljobs.com/jobs/in-Merthyr-Tydfil?radius=0&sort=1&action=facet_selected%3bcompanyTypes%3b2&companytypes=2&postedWithin=1,unprocessed,,,,,
Monmouthshire,https://www.totaljobs.com/jobs/in-Monmouthshire?radius=0&sort=1&action=facet_selected%3bcompanyTypes%3b2&companytypes=2&postedWithin=1,unprocessed,,,,,
Neath Port Talbot,https://www.totaljobs.com/jobs/in-Neath-Port-Talbot?radius=0&sort=1&action=facet_selected%3bcompanyTypes%3b2&companytypes=2&postedWithin=1,unprocessed,,,,,
Newport,https://www.totaljobs.com/jobs/in-Newport?radius=0&sort=1&action=facet_selected%3bcompanyTypes%3b2&companytypes=2&postedWithin=1,unprocessed,,,,,
Pembrokeshire,https://www.totaljobs.com/jobs/in-Pembrokeshire?radius=0&sort=1&action=facet_selected%3bcompanyTypes%3b2&companytypes=2&postedWithin=1,unprocessed,,,,,
Powys,https://www.totaljobs.com/jobs/in-Powys?radius=0&sort=1&action=facet_selected%3bcompanyTypes%3b2&companytypes=2&postedWithin=1,unprocessed,,,,,
Rhondda Cynon Taf,https://www.totaljobs.com/jobs/in-Rhondda-Cynon-Taf?radius=0&sort=1&action=facet_selected%3bcompanyTypes%3b2&companytypes=2&postedWithin=1,unprocessed,,,,,
Swansea,https://www.totaljobs.com/jobs/in-Swansea?radius=0&sort=1&action=facet_selected%3bcompanyTypes%3b2&companytypes=2&postedWithin=1,unprocessed,,,,,
Torfaen,https://www.totaljobs.com/jobs/in-Torfaen?radius=0&sort=1&action=facet_selected%3bcompanyTypes%3b2&companytypes=2&postedWithin=1,unprocessed,,,,,
Vale of Glamorgan,https://www.totaljobs.com/jobs/in-Vale-of-Glamorgan?radius=0&sort=1&action=facet_selected%3bcompanyTypes%3b2&companytypes=2&postedWithin=1,unprocessed,,,,,
Wrexham,https://www.totaljobs.com/jobs/in-Wrexham?radius=0&sort=1&action=facet_selected%3bcompanyTypes%3b2&companytypes=2&postedWithin=1,unprocessed,,,,,
Antrim,https://www.totaljobs.com/jobs/in-Antrim?radius=0&sort=1&action=facet_selected%3bcompanyTypes%3b2&companytypes=2&postedWithin=1,unprocessed,,,,,
Armagh,https://www.totaljobs.com/jobs/in-Armagh?radius=0&sort=1&action=facet_selected%3bcompanyTypes%3b2&companytypes=2&postedWithin=1,unprocessed,,,,,
Down,https://www.totaljobs.com/jobs/in-Down?radius=0&sort=1&action=facet_selected%3bcompanyTypes%3b2&companytypes=2&postedWithin=1,unprocessed,,,,,
Fermanagh,https://www.totaljobs.com/jobs/in-Fermanagh?radius=0&sort=1&action=facet_selected%3bcompanyTypes%3b2&companytypes=2&postedWithin=1,unprocessed,,,,,
Londonderry,https://www.totaljobs.com/jobs/in-Londonderry?radius=0&sort=1&action=facet_selected%3bcompanyTypes%3b2&companytypes=2&postedWithin=1,unprocessed,,,,,
Tyrone,https://www.totaljobs.com/jobs/in-Tyrone?radius=0&sort=1&action=facet_selected%3bcompanyTypes%3b2&companytypes=2&postedWithin=1,unprocessed,,,,,
Barnet,https://www.totaljobs.com/jobs/in-Barnet?radius=0&sort=1&action=facet_selected%3bcompanyTypes%3b2&companytypes=2&postedWithin=1,unprocessed,,,,,
Bexley,https://www.totaljobs.com/jobs/in-Bexley?radius=0&sort=1&action=facet_selected%3bcompanyTypes%3b2&companytypes=2&postedWithin=1,unprocessed,,,,,
Brent,https://www.totaljobs.com/jobs/in-Brent?radius=0&sort=1&action=facet_selected%3bcompanyTypes%3b2&companytypes=2&postedWithin=1,unprocessed,,,,,
Bromley,https://www.totaljobs.com/jobs/in-Bromley?radius=0&sort=1&action=facet_selected%3bcompanyTypes%3b2&companytypes=2&postedWithin=1,unprocessed,,,,,
Camden,https://www.totaljobs.com/jobs/in-Camden?radius=0&sort=1&action=facet_selected%3bcompanyTypes%3b2&companytypes=2&postedWithin=1,unprocessed,,,,,
City of London,https://www.totaljobs.com/jobs/in-City-of-London?radius=0&sort=1&action=facet_selected%3bcompanyTypes%3b2&companytypes=2&postedWithin=1,unprocessed,,,,,
Croydon,https://www.totaljobs.com/jobs/in-Croydon?radius=0&sort=1&action=facet_selected%3bcompanyTypes%3b2&companytypes=2&postedWithin=1,unprocessed,,,,,
Ealing,https://www.totaljobs.com/jobs/in-Ealing?radius=0&sort=1&action=facet_selected%3bcompanyTypes%3b2&companytypes=2&postedWithin=1,unprocessed,,,,,
Enfield,https://www.totaljobs.com/jobs/in-Enfield?radius=0&sort=1&action=facet_selected%3bcompanyTypes%3b2&companytypes=2&postedWithin=1,unprocessed,,,,,
Epping Forest,https://www.totaljobs.com/jobs/in-Epping-Forest?radius=0&sort=1&action=facet_selected%3bcompanyTypes%3b2&companytypes=2&postedWithin=1,unprocessed,,,,,
Greenwich,https://www.totaljobs.com/jobs/in-Greenwich?radius=0&sort=1&action=facet_selected%3bcompanyTypes%3b2&companytypes=2&postedWithin=1,unprocessed,,,,,
Hackney,https://www.totaljobs.com/jobs/in-Hackney?radius=0&sort=1&action=facet_selected%3bcompanyTypes%3b2&companytypes=2&postedWithin=1,unprocessed,,,,,
Hammersmith,https://www.totaljobs.com/jobs/in-Hammersmith?radius=0&sort=1&action=facet_selected%3bcompanyTypes%3b2&companytypes=2&postedWithin=1,unprocessed,,,,,
Haringey,https://www.totaljobs.com/jobs/in-Haringey?radius=0&sort=1&action=facet_selected%3bcompanyTypes%3b2&companytypes=2&postedWithin=1,unprocessed,,,,,
Harrow,https://www.totaljobs.com/jobs/in-Harrow?radius=0&sort=1&action=facet_selected%3bcompanyTypes%3b2&companytypes=2&postedWithin=1,unprocessed,,,,,
Hounslow,https://www.totaljobs.com/jobs/in-Hounslow?radius=0&sort=1&action=facet_selected%3bcompanyTypes%3b2&companytypes=2&postedWithin=1,unprocessed,,,,,
Islington,https://www.totaljobs.com/jobs/in-Islington?radius=0&sort=1&action=facet_selected%3bcompanyTypes%3b2&companytypes=2&postedWithin=1,unprocessed,,,,,
Kensington,https://www.totaljobs.com/jobs/in-Kensington-and-Chelsea?radius=0&sort=1&action=facet_selected%3bcompanyTypes%3b2&companytypes=2&postedWithin=1,unprocessed,,,,,
Chelsea,https://www.totaljobs.com/jobs/in-Chelsea?radius=0&sort=1&action=facet_selected%3bcompanyTypes%3b2&companytypes=2&postedWithin=1,unprocessed,,,,,
Kingston upon Thames,https://www.totaljobs.com/jobs/in-Kingston-upon-Thames?radius=0&sort=1&action=facet_selected%3bcompanyTypes%3b2&companytypes=2&postedWithin=1,unprocessed,,,,,
Lambeth,https://www.totaljobs.com/jobs/in-Lambeth?radius=0&sort=1&action=facet_selected%3bcompanyTypes%3b2&companytypes=2&postedWithin=1,unprocessed,,,,,
Lewisham,https://www.totaljobs.com/jobs/in-Lewisham?radius=0&sort=1&action=facet_selected%3bcompanyTypes%3b2&companytypes=2&postedWithin=1,unprocessed,,,,,
Merton,https://www.totaljobs.com/jobs/in-Merton?radius=0&sort=1&action=facet_selected%3bcompanyTypes%3b2&companytypes=2&postedWithin=1,unprocessed,,,,,
Newham,https://www.totaljobs.com/jobs/in-Newham?radius=0&sort=1&action=facet_selected%3bcompanyTypes%3b2&companytypes=2&postedWithin=1,unprocessed,,,,,
Redbridge,https://www.totaljobs.com/jobs/in-Redbridge?radius=0&sort=1&action=facet_selected%3bcompanyTypes%3b2&companytypes=2&postedWithin=1,unprocessed,,,,,
Richmond upon Thames,https://www.totaljobs.com/jobs/in-Richmond-upon-Thames?radius=0&sort=1&action=facet_selected%3bcompanyTypes%3b2&companytypes=2&postedWithin=1,unprocessed,,,,,
Southwark,https://www.totaljobs.com/jobs/in-Southwark?radius=0&sort=1&action=facet_selected%3bcompanyTypes%3b2&companytypes=2&postedWithin=1,unprocessed,,,,,
Tower Hamlets,https://www.totaljobs.com/jobs/in-Tower-Hamlets?radius=0&sort=1&action=facet_selected%3bcompanyTypes%3b2&companytypes=2&postedWithin=1,unprocessed,,,,,
Waltham Forest,https://www.totaljobs.com/jobs/in-Waltham-Forest?radius=0&sort=1&action=facet_selected%3bcompanyTypes%3b2&companytypes=2&postedWithin=1,unprocessed,,,,,
Wandsworth,https://www.totaljobs.com/jobs/in-Wandsworth?radius=0&sort=1&action=facet_selected%3bcompanyTypes%3b2&companytypes=2&postedWithin=1,unprocessed,,,,,
Liverpool,https://www.totaljobs.com/jobs/in-Liverpool?radius=0&sort=1&action=facet_selected%3bcompanyTypes%3b2&companytypes=2&postedWithin=1,unprocessed,,,,,
