locations,links,details,Unnamed: 2,Unnamed: 3,Unnamed: 4,Unnamed: 5,Unnamed: 6,Unnamed: 7,Unnamed: 8
Bedfordshire,https://www.simplyhired.co.uk/search?l=Bedfordshire&mi=exact&fdb=1,success,,,,date | job title | company working | location working | link,,,
Berkshire,https://www.simplyhired.co.uk/search?l=Berkshire&mi=exact&fdb=1,success,,,,,,,
Bristol,https://www.simplyhired.co.uk/search?l=Bristol&mi=exact&fdb=1,unprocessed,,,,,,,
Buckinghamshire,https://www.simplyhired.co.uk/search?l=Buckinghamshire&mi=exact&fdb=1,unprocessed,,,,job title,company working,location working,link
Cambridgeshire,https://www.simplyhired.co.uk/search?l=Cambridgeshire&mi=exact&fdb=1,unprocessed,,,,,,,
Cheshire,https://www.simplyhired.co.uk/search?l=Cheshire&mi=exact&fdb=1,unprocessed,,,,https://vimeo.com/859767366/5a63af789d,,,
Cornwall,https://www.simplyhired.co.uk/search?l=Cornwall&mi=exact&fdb=1,unprocessed,,,,,,,
Cumbria,https://www.simplyhired.co.uk/search?l=Cumbria&mi=exact&fdb=1,unprocessed,,,,,,,
Derbyshire,https://www.simplyhired.co.uk/search?l=Derbyshire&mi=exact&fdb=1,unprocessed,,,,,,,
Devon,https://www.simplyhired.co.uk/search?l=Devon&mi=exact&fdb=1,unprocessed,,,,,,,
Dorset,https://www.simplyhired.co.uk/search?l=Dorset&mi=exact&fdb=1,unprocessed,,,,,,,
Durham,https://www.simplyhired.co.uk/search?l=Durham&mi=exact&fdb=1,unprocessed,,,,,,,
Essex,https://www.simplyhired.co.uk/search?l=Essex&mi=exact&fdb=1,unprocessed,,,,,,,
Gloucestershire,https://www.simplyhired.co.uk/search?l=Gloucestershire&mi=exact&fdb=1,unprocessed,,,,,,,
Greater Manchester,https://www.simplyhired.co.uk/search?l=Greater Manchester&mi=exact&fdb=1,unprocessed,,,,,,,
Hampshire,https://www.simplyhired.co.uk/search?l=Hampshire&mi=exact&fdb=1,unprocessed,,,,,,,
Herefordshire,https://www.simplyhired.co.uk/search?l=Herefordshire&mi=exact&fdb=1,unprocessed,,,,,,,
Hertfordshire,https://www.simplyhired.co.uk/search?l=Hertfordshire&mi=exact&fdb=1,unprocessed,,,,,,,
Isle of Wight,https://www.simplyhired.co.uk/search?l=Isle of Wight&mi=exact&fdb=1,unprocessed,,,,,,,
Kent,https://www.simplyhired.co.uk/search?l=Kent&mi=exact&fdb=1,unprocessed,,,,,,,
Lancashire,https://www.simplyhired.co.uk/search?l=Lancashire&mi=exact&fdb=1,unprocessed,,,,,,,
Leicestershire,https://www.simplyhired.co.uk/search?l=Leicestershire&mi=exact&fdb=1,unprocessed,,,,,,,
Lincolnshire,https://www.simplyhired.co.uk/search?l=Lincolnshire&mi=exact&fdb=1,unprocessed,,,,,,,
London,https://www.simplyhired.co.uk/search?l=London&mi=exact&fdb=1,unprocessed,,,,,,,
Merseyside,https://www.simplyhired.co.uk/search?l=Merseyside&mi=exact&fdb=1,unprocessed,,,,,,,
Norfolk,https://www.simplyhired.co.uk/search?l=Norfolk&mi=exact&fdb=1,unprocessed,,,,,,,
Northamptonshire,https://www.simplyhired.co.uk/search?l=Northamptonshire&mi=exact&fdb=1,unprocessed,,,,,,,
Northumberland,https://www.simplyhired.co.uk/search?l=Northumberland&mi=exact&fdb=1,unprocessed,,,,,,,
Nottinghamshire,https://www.simplyhired.co.uk/search?l=Nottinghamshire&mi=exact&fdb=1,unprocessed,,,,,,,
Oxfordshire,https://www.simplyhired.co.uk/search?l=Oxfordshire&mi=exact&fdb=1,unprocessed,,,,,,,
Rutland,https://www.simplyhired.co.uk/search?l=Rutland&mi=exact&fdb=1,unprocessed,,,,,,,
Shropshire,https://www.simplyhired.co.uk/search?l=Shropshire&mi=exact&fdb=1,unprocessed,,,,,,,
Somerset,https://www.simplyhired.co.uk/search?l=Somerset&mi=exact&fdb=1,unprocessed,,,,,,,
Staffordshire,https://www.simplyhired.co.uk/search?l=Staffordshire&mi=exact&fdb=1,unprocessed,,,,,,,
Suffolk,https://www.simplyhired.co.uk/search?l=Suffolk&mi=exact&fdb=1,unprocessed,,,,,,,
Surrey,https://www.simplyhired.co.uk/search?l=Surrey&mi=exact&fdb=1,unprocessed,,,,,,,
Sussex,https://www.simplyhired.co.uk/search?l=Sussex&mi=exact&fdb=1,unprocessed,,,,,,,
Tyne and Wear,https://www.simplyhired.co.uk/search?l=Tyne and Wear&mi=exact&fdb=1,unprocessed,,,,,,,
Warwickshire,https://www.simplyhired.co.uk/search?l=Warwickshire&mi=exact&fdb=1,unprocessed,,,,,,,
West Midlands,https://www.simplyhired.co.uk/search?l=West Midlands&mi=exact&fdb=1,unprocessed,,,,,,,
Wiltshire,https://www.simplyhired.co.uk/search?l=Wiltshire&mi=exact&fdb=1,unprocessed,,,,,,,
Worcestershire,https://www.simplyhired.co.uk/search?l=Worcestershire&mi=exact&fdb=1,unprocessed,,,,,,,
Yorkshire,https://www.simplyhired.co.uk/search?l=Yorkshire&mi=exact&fdb=1,unprocessed,,,,,,,
City of Glasgow,https://www.simplyhired.co.uk/search?l=City of Glasgow&mi=exact&fdb=1,unprocessed,,,,,,,
City of Edinburgh,https://www.simplyhired.co.uk/search?l=City of Edinburgh&mi=exact&fdb=1,unprocessed,,,,,,,
Fife,https://www.simplyhired.co.uk/search?l=Fife&mi=exact&fdb=1,unprocessed,,,,,,,
Lanarkshire,https://www.simplyhired.co.uk/search?l=Lanarkshire&mi=exact&fdb=1,unprocessed,,,,,,,
Aberdeenshire,https://www.simplyhired.co.uk/search?l=Aberdeenshire&mi=exact&fdb=1,unprocessed,,,,,,,
Highland,https://www.simplyhired.co.uk/search?l=Highland&mi=exact&fdb=1,unprocessed,,,,,,,
City of Aberdeen,https://www.simplyhired.co.uk/search?l=City of Aberdeen&mi=exact&fdb=1,unprocessed,,,,,,,
West Lothian,https://www.simplyhired.co.uk/search?l=West Lothian&mi=exact&fdb=1,unprocessed,,,,,,,
Renfrewshire,https://www.simplyhired.co.uk/search?l=Renfrewshire&mi=exact&fdb=1,unprocessed,,,,,,,
Falkirk,https://www.simplyhired.co.uk/search?l=Falkirk&mi=exact&fdb=1,unprocessed,,,,,,,
Perth and Kinross,https://www.simplyhired.co.uk/search?l=Perth and Kinross&mi=exact&fdb=1,unprocessed,,,,,,,
Dumfries and Galloway,https://www.simplyhired.co.uk/search?l=Dumfries and Galloway&mi=exact&fdb=1,unprocessed,,,,,,,
City of Dundee,https://www.simplyhired.co.uk/search?l=City of Dundee&mi=exact&fdb=1,unprocessed,,,,,,,
Ayrshire,https://www.simplyhired.co.uk/search?l=Ayrshire&mi=exact&fdb=1,unprocessed,,,,,,,
Angus,https://www.simplyhired.co.uk/search?l=Angus&mi=exact&fdb=1,unprocessed,,,,,,,
Scottish Borders,https://www.simplyhired.co.uk/search?l=Scottish Borders&mi=exact&fdb=1,unprocessed,,,,,,,
East Dunbartonshire,https://www.simplyhired.co.uk/search?l=East Dunbartonshire&mi=exact&fdb=1,unprocessed,,,,,,,
East Lothian,https://www.simplyhired.co.uk/search?l=East Lothian&mi=exact&fdb=1,unprocessed,,,,,,,
Moray,https://www.simplyhired.co.uk/search?l=Moray&mi=exact&fdb=1,unprocessed,,,,,,,
Stirling,https://www.simplyhired.co.uk/search?l=Stirling&mi=exact&fdb=1,unprocessed,,,,,,,
Midlothian,https://www.simplyhired.co.uk/search?l=Midlothian&mi=exact&fdb=1,unprocessed,,,,,,,
West Dunbartonshire,https://www.simplyhired.co.uk/search?l=West Dunbartonshire&mi=exact&fdb=1,unprocessed,,,,,,,
Argyll and Bute,https://www.simplyhired.co.uk/search?l=Argyll and Bute&mi=exact&fdb=1,unprocessed,,,,,,,
Inverclyde,https://www.simplyhired.co.uk/search?l=Inverclyde&mi=exact&fdb=1,unprocessed,,,,,,,
Clackmannanshire,https://www.simplyhired.co.uk/search?l=Clackmannanshire&mi=exact&fdb=1,unprocessed,,,,,,,
Western Isles,https://www.simplyhired.co.uk/search?l=Western Isles&mi=exact&fdb=1,unprocessed,,,,,,,
Shetland Islands,https://www.simplyhired.co.uk/search?l=Shetland Islands&mi=exact&fdb=1,unprocessed,,,,,,,
Orkney Islands,https://www.simplyhired.co.uk/search?l=Orkney Islands&mi=exact&fdb=1,unprocessed,,,,,,,
Blaenau Gwent,https://www.simplyhired.co.uk/search?l=Blaenau Gwent&mi=exact&fdb=1,unprocessed,,,,,,,
Bridgend,https://www.simplyhired.co.uk/search?l=Bridgend&mi=exact&fdb=1,unprocessed,,,,,,,
Caerphilly,https://www.simplyhired.co.uk/search?l=Caerphilly&mi=exact&fdb=1,unprocessed,,,,,,,
Cardiff,https://www.simplyhired.co.uk/search?l=Cardiff&mi=exact&fdb=1,unprocessed,,,,,,,
Carmarthenshire,https://www.simplyhired.co.uk/search?l=Carmarthenshire&mi=exact&fdb=1,unprocessed,,,,,,,
Ceredigion,https://www.simplyhired.co.uk/search?l=Ceredigion&mi=exact&fdb=1,unprocessed,,,,,,,
Conwy,https://www.simplyhired.co.uk/search?l=Conwy&mi=exact&fdb=1,unprocessed,,,,,,,
Denbighshire,https://www.simplyhired.co.uk/search?l=Denbighshire&mi=exact&fdb=1,unprocessed,,,,,,,
Flintshire,https://www.simplyhired.co.uk/search?l=Flintshire&mi=exact&fdb=1,unprocessed,,,,,,,
Gwynedd,https://www.simplyhired.co.uk/search?l=Gwynedd&mi=exact&fdb=1,unprocessed,,,,,,,
Isle of Anglesey,https://www.simplyhired.co.uk/search?l=Isle of Anglesey&mi=exact&fdb=1,unprocessed,,,,,,,
Merthyr Tydfil,https://www.simplyhired.co.uk/search?l=Merthyr Tydfil&mi=exact&fdb=1,unprocessed,,,,,,,
Monmouthshire,https://www.simplyhired.co.uk/search?l=Monmouthshire&mi=exact&fdb=1,unprocessed,,,,,,,
Neath Port Talbot,https://www.simplyhired.co.uk/search?l=Neath Port Talbot&mi=exact&fdb=1,unprocessed,,,,,,,
Newport,https://www.simplyhired.co.uk/search?l=Newport&mi=exact&fdb=1,unprocessed,,,,,,,
Pembrokeshire,https://www.simplyhired.co.uk/search?l=Pembrokeshire&mi=exact&fdb=1,unprocessed,,,,,,,
Powys,https://www.simplyhired.co.uk/search?l=Powys&mi=exact&fdb=1,unprocessed,,,,,,,
Rhondda Cynon Taf,https://www.simplyhired.co.uk/search?l=Rhondda Cynon Taf&mi=exact&fdb=1,unprocessed,,,,,,,
Swansea,https://www.simplyhired.co.uk/search?l=Swansea&mi=exact&fdb=1,unprocessed,,,,,,,
Torfaen,https://www.simplyhired.co.uk/search?l=Torfaen&mi=exact&fdb=1,unprocessed,,,,,,,
Vale of Glamorgan,https://www.simplyhired.co.uk/search?l=Vale of Glamorgan&mi=exact&fdb=1,unprocessed,,,,,,,
Wrexham,https://www.simplyhired.co.uk/search?l=Wrexham&mi=exact&fdb=1,unprocessed,,,,,,,
Antrim,https://www.simplyhired.co.uk/search?l=Antrim&mi=exact&fdb=1,unprocessed,,,,,,,
Armagh,https://www.simplyhired.co.uk/search?l=Armagh&mi=exact&fdb=1,unprocessed,,,,,,,
Down,https://www.simplyhired.co.uk/search?l=Down&mi=exact&fdb=1,unprocessed,,,,,,,
Fermanagh,https://www.simplyhired.co.uk/search?l=Fermanagh&mi=exact&fdb=1,unprocessed,,,,,,,
Londonderry,https://www.simplyhired.co.uk/search?l=Londonderry&mi=exact&fdb=1,unprocessed,,,,,,,
Tyrone,https://www.simplyhired.co.uk/search?l=Tyrone&mi=exact&fdb=1,unprocessed,,,,,,,
Barnet,https://www.simplyhired.co.uk/search?l=Barnet&mi=exact&fdb=1,unprocessed,,,,,,,
Bexley,https://www.simplyhired.co.uk/search?l=Bexley&mi=exact&fdb=1,unprocessed,,,,,,,
Brent,https://www.simplyhired.co.uk/search?l=Brent&mi=exact&fdb=1,unprocessed,,,,,,,
Bromley,https://www.simplyhired.co.uk/search?l=Bromley&mi=exact&fdb=1,unprocessed,,,,,,,
Camden,https://www.simplyhired.co.uk/search?l=Camden&mi=exact&fdb=1,unprocessed,,,,,,,
"City of London,Westminster","https://www.simplyhired.co.uk/search?l=City of London,Westminster&mi=exact&fdb=1",unprocessed,,,,,,,
Croydon,https://www.simplyhired.co.uk/search?l=Croydon&mi=exact&fdb=1,unprocessed,,,,,,,
Ealing,https://www.simplyhired.co.uk/search?l=Ealing&mi=exact&fdb=1,unprocessed,,,,,,,
Enfield,https://www.simplyhired.co.uk/search?l=Enfield&mi=exact&fdb=1,unprocessed,,,,,,,
Epping Forest,https://www.simplyhired.co.uk/search?l=Epping Forest&mi=exact&fdb=1,unprocessed,,,,,,,
Greenwich,https://www.simplyhired.co.uk/search?l=Greenwich&mi=exact&fdb=1,unprocessed,,,,,,,
Hackney,https://www.simplyhired.co.uk/search?l=Hackney&mi=exact&fdb=1,unprocessed,,,,,,,
Hammersmith and Fulham,https://www.simplyhired.co.uk/search?l=Hammersmith and Fulham&mi=exact&fdb=1,unprocessed,,,,,,,
Haringey,https://www.simplyhired.co.uk/search?l=Haringey&mi=exact&fdb=1,unprocessed,,,,,,,
Harrow,https://www.simplyhired.co.uk/search?l=Harrow&mi=exact&fdb=1,unprocessed,,,,,,,
Hounslow,https://www.simplyhired.co.uk/search?l=Hounslow&mi=exact&fdb=1,unprocessed,,,,,,,
Islington,https://www.simplyhired.co.uk/search?l=Islington&mi=exact&fdb=1,unprocessed,,,,,,,
Kensington and Chelsea,https://www.simplyhired.co.uk/search?l=Kensington and Chelsea&mi=exact&fdb=1,unprocessed,,,,,,,
Kingston upon Thames,https://www.simplyhired.co.uk/search?l=Kingston upon Thames&mi=exact&fdb=1,unprocessed,,,,,,,
Lambeth,https://www.simplyhired.co.uk/search?l=Lambeth&mi=exact&fdb=1,unprocessed,,,,,,,
Lewisham,https://www.simplyhired.co.uk/search?l=Lewisham&mi=exact&fdb=1,unprocessed,,,,,,,
Merton,https://www.simplyhired.co.uk/search?l=Merton&mi=exact&fdb=1,unprocessed,,,,,,,
Newham,https://www.simplyhired.co.uk/search?l=Newham&mi=exact&fdb=1,unprocessed,,,,,,,
Redbridge,https://www.simplyhired.co.uk/search?l=Redbridge&mi=exact&fdb=1,unprocessed,,,,,,,
Richmond upon Thames,https://www.simplyhired.co.uk/search?l=Richmond upon Thames&mi=exact&fdb=1,unprocessed,,,,,,,
Southwark,https://www.simplyhired.co.uk/search?l=Southwark&mi=exact&fdb=1,unprocessed,,,,,,,
Tower Hamlets,https://www.simplyhired.co.uk/search?l=Tower Hamlets&mi=exact&fdb=1,unprocessed,,,,,,,
Waltham Forest,https://www.simplyhired.co.uk/search?l=Waltham Forest&mi=exact&fdb=1,unprocessed,,,,,,,
Wandsworth,https://www.simplyhired.co.uk/search?l=Wandsworth&mi=exact&fdb=1,unprocessed,,,,,,,
Liverpool,https://www.simplyhired.co.uk/search?l=Liverpool&mi=exact&fdb=1,unprocessed,,,,,,,
