,title,url,location,company
0,Health Records Officer,https://uk.linkedin.com/jobs/view/health-records-officer-at-bedfordshire-hospitals-nhs-foundation-trust-3674548280?refId=ZnYBR15n7S5lKYXvPo%2B1Mw%3D%3D&trackingId=QBishE7Hc5npnnN3vnc74g%3D%3D&position=1&pageNum=0&trk=public_jobs_jserp-result_search-card,"Bedford, England, United Kingdom",Bedfordshire Hospitals NHS Foundation Trust
1,Unqualified Teacher,https://uk.linkedin.com/jobs/view/unqualified-teacher-at-teaching-personnel-3679112970?refId=ZnYBR15n7S5lKYXvPo%2B1Mw%3D%3D&trackingId=YOhRvbLC4NVopkSaU069LQ%3D%3D&position=2&pageNum=0&trk=public_jobs_jserp-result_search-card,"Bedford, England, United Kingdom",Teaching Personnel
2,Vehicle Technician,https://uk.linkedin.com/jobs/view/vehicle-technician-at-sytner-group-3677498820?refId=ZnYBR15n7S5lKYXvPo%2B1Mw%3D%3D&trackingId=l0Ghmkeign4dEb1dm%2Be2rg%3D%3D&position=3&pageNum=0&trk=public_jobs_jserp-result_search-card,"Bedford, England, United Kingdom",Sytner Group
3,Safety Intervention Lead Trainer,https://uk.linkedin.com/jobs/view/safety-intervention-lead-trainer-at-east-london-nhs-foundation-trust-3674545861?refId=ZnYBR15n7S5lKYXvPo%2B1Mw%3D%3D&trackingId=Vn%2Bmj3nDtXrEmeNiWuw7Yg%3D%3D&position=4&pageNum=0&trk=public_jobs_jserp-result_search-card,"Bedford, England, United Kingdom",East London NHS Foundation Trust
4,Sustainability Scientist,https://uk.linkedin.com/jobs/view/sustainability-scientist-at-ecocareers-3679300151?refId=ZnYBR15n7S5lKYXvPo%2B1Mw%3D%3D&trackingId=CIw1tvSWb1NsxK%2Fmxloibw%3D%3D&position=5&pageNum=0&trk=public_jobs_jserp-result_search-card,"Bedford, England, United Kingdom",ecocareers
5,Immunisation Health Care Assistant,https://uk.linkedin.com/jobs/view/immunisation-health-care-assistant-at-essex-partnership-university-nhs-foundation-trust-3677264469?refId=ZnYBR15n7S5lKYXvPo%2B1Mw%3D%3D&trackingId=CIYiyqLnKVpr9zE8j4n%2BCg%3D%3D&position=6&pageNum=0&trk=public_jobs_jserp-result_search-card,"Ampthill, England, United Kingdom",Essex Partnership University NHS Foundation Trust
6,Junior Design Engineer,https://uk.linkedin.com/jobs/view/junior-design-engineer-at-verto-people-3679301199?refId=ZnYBR15n7S5lKYXvPo%2B1Mw%3D%3D&trackingId=FU2b3EgDmf8luwClTK%2FDLg%3D%3D&position=7&pageNum=0&trk=public_jobs_jserp-result_search-card,"Bedford, England, United Kingdom",Verto People
7,Ecommerce Manager,https://uk.linkedin.com/jobs/view/ecommerce-manager-at-the-advocate-group-3674546762?refId=ZnYBR15n7S5lKYXvPo%2B1Mw%3D%3D&trackingId=UugrjR51E9woLwKCyrQ1CQ%3D%3D&position=8&pageNum=0&trk=public_jobs_jserp-result_search-card,"Bedford, England, United Kingdom",The Advocate Group
8,Design Engineer,https://uk.linkedin.com/jobs/view/design-engineer-at-verto-people-3679199836?refId=ZnYBR15n7S5lKYXvPo%2B1Mw%3D%3D&trackingId=tnkDu4PTH9CjmYUelp3sxA%3D%3D&position=9&pageNum=0&trk=public_jobs_jserp-result_search-card,"Bedford, England, United Kingdom",Verto People
9,Care and Support Assistant,https://uk.linkedin.com/jobs/view/care-and-support-assistant-at-networx-recruitment-software-services-by-iris-3677839794?refId=ZnYBR15n7S5lKYXvPo%2B1Mw%3D%3D&trackingId=e8dHO0TOt%2BQrwcd8FqvHyw%3D%3D&position=10&pageNum=0&trk=public_jobs_jserp-result_search-card,"Bedford, England, United Kingdom",networx | Recruitment Software & Services by IRIS
10,Financial Analyst,https://uk.linkedin.com/jobs/view/financial-analyst-at-europa-plc-3679199654?refId=ZnYBR15n7S5lKYXvPo%2B1Mw%3D%3D&trackingId=8SwNDOcpxn0wnqF%2FKNHa0w%3D%3D&position=11&pageNum=0&trk=public_jobs_jserp-result_search-card,"Bedfordshire, England, United Kingdom",Europa plc
11,Buyer,https://uk.linkedin.com/jobs/view/buyer-at-premier-group-recruitment-3679158291?refId=ZnYBR15n7S5lKYXvPo%2B1Mw%3D%3D&trackingId=KvnrkRqBZsyIowhygEfimg%3D%3D&position=12&pageNum=0&trk=public_jobs_jserp-result_search-card,"Bedfordshire, England, United Kingdom",Premier Group Recruitment
12,Global Operations Specialist,https://uk.linkedin.com/jobs/view/global-operations-specialist-at-executive-recruit-3679153587?refId=ZnYBR15n7S5lKYXvPo%2B1Mw%3D%3D&trackingId=QbBKggzA4xTKimH%2F8w3soQ%3D%3D&position=13&pageNum=0&trk=public_jobs_jserp-result_search-card,"Bedford, England, United Kingdom",Executive Recruit
13,Sales Negotiator,https://uk.linkedin.com/jobs/view/sales-negotiator-at-allstaff-recruitment-3679302411?refId=ZnYBR15n7S5lKYXvPo%2B1Mw%3D%3D&trackingId=ocCYnI%2BLOc49qg%2FCxsYehQ%3D%3D&position=14&pageNum=0&trk=public_jobs_jserp-result_search-card,"Kempston, England, United Kingdom",Allstaff Recruitment
14,Survey Technician Apprentice,https://uk.linkedin.com/jobs/view/survey-technician-apprentice-at-survey-solutions-3679338045?refId=ZnYBR15n7S5lKYXvPo%2B1Mw%3D%3D&trackingId=H3TNf91R2%2F3erdXUKI7sPQ%3D%3D&position=15&pageNum=0&trk=public_jobs_jserp-result_search-card,"Bedford, England, United Kingdom",SURVEY SOLUTIONS
15,Sustainability Science Leader,https://uk.linkedin.com/jobs/view/sustainability-science-leader-at-ecocareers-3679194865?refId=ZnYBR15n7S5lKYXvPo%2B1Mw%3D%3D&trackingId=YWhyguIPgxbTh7Hb63UBKQ%3D%3D&position=16&pageNum=0&trk=public_jobs_jserp-result_search-card,"Bedford, England, United Kingdom",ecocareers
16,REVIT/ BIM Technician - Structural/Civil,https://uk.linkedin.com/jobs/view/revit-bim-technician-structural-civil-at-critical-project-resourcing-ltd-3675109567?refId=ZnYBR15n7S5lKYXvPo%2B1Mw%3D%3D&trackingId=HYc4W1D98j%2FLuKSwtZ3BtA%3D%3D&position=17&pageNum=0&trk=public_jobs_jserp-result_search-card,"Bedford, England, United Kingdom",Critical Project Resourcing Ltd
17,"Facilities Engineer/Manager, Condition Surveys, Work From Home",https://uk.linkedin.com/jobs/view/facilities-engineer-manager-condition-surveys-work-from-home-at-tsa-surveying-ltd-3679300718?refId=ZnYBR15n7S5lKYXvPo%2B1Mw%3D%3D&trackingId=ulgcaBb5PpNmUHiniov%2FQQ%3D%3D&position=18&pageNum=0&trk=public_jobs_jserp-result_search-card,"Bedford, England, United Kingdom",TSA Surveying Ltd
18,Conservation Officer,https://uk.linkedin.com/jobs/view/conservation-officer-at-carrington-west-3678240679?refId=ZnYBR15n7S5lKYXvPo%2B1Mw%3D%3D&trackingId=OTgUk2OJKuI7It4fGh3r%2BQ%3D%3D&position=19&pageNum=0&trk=public_jobs_jserp-result_search-card,"Bedfordshire, England, United Kingdom",Carrington West
19,Job Coach,https://uk.linkedin.com/jobs/view/job-coach-at-mencap-3679304148?refId=ZnYBR15n7S5lKYXvPo%2B1Mw%3D%3D&trackingId=%2FpgRNYLrzgPB3Q8mBHiLXw%3D%3D&position=20&pageNum=0&trk=public_jobs_jserp-result_search-card,"Bedford, England, United Kingdom",Mencap
20,Head of Aftersales,https://uk.linkedin.com/jobs/view/head-of-aftersales-at-kpi-people-3678884884?refId=ZnYBR15n7S5lKYXvPo%2B1Mw%3D%3D&trackingId=Y6%2BdoTC9i7uVByam3fe%2F0Q%3D%3D&position=21&pageNum=0&trk=public_jobs_jserp-result_search-card,"Bedford, England, United Kingdom",KPI People
21,Buyer,https://uk.linkedin.com/jobs/view/buyer-at-verto-people-3679316921?refId=ZnYBR15n7S5lKYXvPo%2B1Mw%3D%3D&trackingId=F86G1nV6y3ELFSXbG8D0AQ%3D%3D&position=22&pageNum=0&trk=public_jobs_jserp-result_search-card,"Bedford, England, United Kingdom",Verto People
22,ISO 17025 QA Manager,https://uk.linkedin.com/jobs/view/iso-17025-qa-manager-at-science-solutions-recruitment-3679300548?refId=ZnYBR15n7S5lKYXvPo%2B1Mw%3D%3D&trackingId=ZSC1mKll0MpsL4NhQzKtqA%3D%3D&position=23&pageNum=0&trk=public_jobs_jserp-result_search-card,"Shortstown, England, United Kingdom",Science Solutions Recruitment
23,Independent Living Area Manager - Specialist Housing,https://uk.linkedin.com/jobs/view/independent-living-area-manager-specialist-housing-at-networx-recruitment-software-services-by-iris-3677842436?refId=ZnYBR15n7S5lKYXvPo%2B1Mw%3D%3D&trackingId=5fjQWixCvP97Jvsol1CMbQ%3D%3D&position=24&pageNum=0&trk=public_jobs_jserp-result_search-card,"Bedford, England, United Kingdom",networx | Recruitment Software & Services by IRIS
24,Vehicle Technician,https://uk.linkedin.com/jobs/view/vehicle-technician-at-perfect-placement-uk-3679302026?refId=ZnYBR15n7S5lKYXvPo%2B1Mw%3D%3D&trackingId=k93bN%2BIjoXlxgdwBjbe%2BdA%3D%3D&position=25&pageNum=0&trk=public_jobs_jserp-result_search-card,"Salph End, England, United Kingdom",Perfect Placement UK
25,Office Manager / Provisioning Assistant,https://uk.linkedin.com/jobs/view/office-manager-provisioning-assistant-at-coconut-lime-ltd-3678873645?refId=Pxzkg27NAx0IpkLHYInmHg%3D%3D&trackingId=cRx3pF8gOauqonBdtvrkjA%3D%3D&position=1&pageNum=1&trk=public_jobs_jserp-result_search-card,"Bedford, England, United Kingdom",Coconut Lime Ltd
26,Driver / Warehouse Operative,https://uk.linkedin.com/jobs/view/driver-warehouse-operative-at-siamo-group-3679315872?refId=Pxzkg27NAx0IpkLHYInmHg%3D%3D&trackingId=IXVSF3uJsJbd7J8jgcJz9w%3D%3D&position=2&pageNum=1&trk=public_jobs_jserp-result_search-card,"Kempston, England, United Kingdom",Siamo Group
27,Graduate Civil Engineer,https://uk.linkedin.com/jobs/view/graduate-civil-engineer-at-penguin-recruitment-3677427401?refId=Pxzkg27NAx0IpkLHYInmHg%3D%3D&trackingId=4v6yI0EeIDq2AWwXcZkjpQ%3D%3D&position=3&pageNum=1&trk=public_jobs_jserp-result_search-card,"Bedford, England, United Kingdom",Penguin Recruitment
28,Toolmaker / Pattern Maker,https://uk.linkedin.com/jobs/view/toolmaker-pattern-maker-at-allstaff-recruitment-3679301391?refId=Pxzkg27NAx0IpkLHYInmHg%3D%3D&trackingId=gMWmutxf6iWqgLFqGcrVzw%3D%3D&position=4&pageNum=1&trk=public_jobs_jserp-result_search-card,"Bedford, England, United Kingdom",Allstaff Recruitment
29,Senior Design Engineer,https://uk.linkedin.com/jobs/view/senior-design-engineer-at-verto-people-3679198887?refId=Pxzkg27NAx0IpkLHYInmHg%3D%3D&trackingId=WnfvGiZXrxYTozQlXwYogg%3D%3D&position=5&pageNum=1&trk=public_jobs_jserp-result_search-card,"Bedford, England, United Kingdom",Verto People
30,Personal Advisor,https://uk.linkedin.com/jobs/view/personal-advisor-at-seven-resourcing-3678887748?refId=Pxzkg27NAx0IpkLHYInmHg%3D%3D&trackingId=Gxy1QITbAlqdkR42LlCiPA%3D%3D&position=6&pageNum=1&trk=public_jobs_jserp-result_search-card,"Bedford, England, United Kingdom",Seven Resourcing
31,Housing System Officer,https://uk.linkedin.com/jobs/view/housing-system-officer-at-brackenberry-3677445905?refId=Pxzkg27NAx0IpkLHYInmHg%3D%3D&trackingId=6CIGOvnvNviESYsNDOY2IA%3D%3D&position=7&pageNum=1&trk=public_jobs_jserp-result_search-card,"Bedford, England, United Kingdom",BRACKENBERRY
32,Fleet and Materials Controller / Administrator,https://uk.linkedin.com/jobs/view/fleet-and-materials-controller-administrator-at-bpha-3679315916?refId=Pxzkg27NAx0IpkLHYInmHg%3D%3D&trackingId=ecl9kOj%2FF%2B%2B6UaIITHMWWw%3D%3D&position=8&pageNum=1&trk=public_jobs_jserp-result_search-card,"Bedford, England, United Kingdom",bpha
33,Supply Chain Job - Procurement Manager UK - Capital Projects,https://uk.linkedin.com/jobs/view/supply-chain-job-procurement-manager-uk-capital-projects-at-people-first-recruitment-3674562452?refId=Pxzkg27NAx0IpkLHYInmHg%3D%3D&trackingId=Ax3KkUq5lSsDSose2i57WA%3D%3D&position=9&pageNum=1&trk=public_jobs_jserp-result_search-card,"Kempston, England, United Kingdom",People First Recruitment
34,Year 4 Teacher,https://uk.linkedin.com/jobs/view/year-4-teacher-at-dunbar-education-3679303176?refId=Pxzkg27NAx0IpkLHYInmHg%3D%3D&trackingId=Qirnp75dIdk3%2FiIJbCYDUw%3D%3D&position=10&pageNum=1&trk=public_jobs_jserp-result_search-card,"Bedfordshire, England, United Kingdom",Dunbar Education
35,Primary Supply Teacher - Return to Teaching,https://uk.linkedin.com/jobs/view/primary-supply-teacher-return-to-teaching-at-dunbar-education-3679199889?refId=Pxzkg27NAx0IpkLHYInmHg%3D%3D&trackingId=XBKZfw5BD%2FO%2Ffdo9nwaZzg%3D%3D&position=11&pageNum=1&trk=public_jobs_jserp-result_search-card,"Bedfordshire, England, United Kingdom",Dunbar Education
36,Senior Systems Engineer &amp;ndash; Satellite Navigation,https://uk.linkedin.com/jobs/view/senior-systems-engineer-amp-ndash-satellite-navigation-at-holt-executive-ltd-3679196937?refId=Pxzkg27NAx0IpkLHYInmHg%3D%3D&trackingId=wOD%2BHLNqJ2rDW8t7c1vZiA%3D%3D&position=12&pageNum=1&trk=public_jobs_jserp-result_search-card,"Bedfordshire, England, United Kingdom",Holt Executive Ltd
37,Primary Supply Teacher - Return to Teaching,https://uk.linkedin.com/jobs/view/primary-supply-teacher-return-to-teaching-at-dunbar-education-3675132156?refId=Pxzkg27NAx0IpkLHYInmHg%3D%3D&trackingId=LtOd0nwrtjG0txAxK5BlOA%3D%3D&position=13&pageNum=1&trk=public_jobs_jserp-result_search-card,"Bedford, England, United Kingdom",Dunbar Education
38,Year 4 Teacher,https://uk.linkedin.com/jobs/view/year-4-teacher-at-dunbar-education-3675130085?refId=Pxzkg27NAx0IpkLHYInmHg%3D%3D&trackingId=rCoFr5MQq5fcnuuZDoDCNA%3D%3D&position=14&pageNum=1&trk=public_jobs_jserp-result_search-card,"Bedford, England, United Kingdom",Dunbar Education
39,Data Manager (Asset Management),https://uk.linkedin.com/jobs/view/data-manager-asset-management-at-networx-recruitment-software-services-by-iris-3677839774?refId=Pxzkg27NAx0IpkLHYInmHg%3D%3D&trackingId=fNOdOmLUoLTJ3cjVLXwkvg%3D%3D&position=15&pageNum=1&trk=public_jobs_jserp-result_search-card,"Bedford, England, United Kingdom",networx | Recruitment Software & Services by IRIS
40,Maths Teacher - Outstanding School in Bedfordshire,https://uk.linkedin.com/jobs/view/maths-teacher-outstanding-school-in-bedfordshire-at-wayman-recruitment-group-3679333793?refId=Pxzkg27NAx0IpkLHYInmHg%3D%3D&trackingId=dFXf9T2PVCh%2F8Tx3r8S%2B6g%3D%3D&position=16&pageNum=1&trk=public_jobs_jserp-result_search-card,"Bedford, England, United Kingdom",Wayman Recruitment Group
41,Geography Teacher - Outstanding School - Bedford,https://uk.linkedin.com/jobs/view/geography-teacher-outstanding-school-bedford-at-wayman-recruitment-group-3679310746?refId=Pxzkg27NAx0IpkLHYInmHg%3D%3D&trackingId=pKzMsOdlpPfLiMaj%2BnwMcw%3D%3D&position=17&pageNum=1&trk=public_jobs_jserp-result_search-card,"Bedford, England, United Kingdom",Wayman Recruitment Group
42,Full time Teaching Assistant in Bedford,https://uk.linkedin.com/jobs/view/full-time-teaching-assistant-in-bedford-at-teaching-personnel-3679117363?refId=Pxzkg27NAx0IpkLHYInmHg%3D%3D&trackingId=YhS0TV6CYwsk%2FCMOByzlIw%3D%3D&position=18&pageNum=1&trk=public_jobs_jserp-result_search-card,"Bedford, England, United Kingdom",Teaching Personnel
43,Cscs Labourer,https://uk.linkedin.com/jobs/view/cscs-labourer-at-actaris-site-services-ltd-3679305173?refId=Pxzkg27NAx0IpkLHYInmHg%3D%3D&trackingId=afjWVRtiomUAIfV%2FlM8T4w%3D%3D&position=19&pageNum=1&trk=public_jobs_jserp-result_search-card,"Salph End, England, United Kingdom",Actaris Site Services Ltd
44,77525 - Operational Support Grade - HMP Bedford (Prison Support Role),https://uk.linkedin.com/jobs/view/77525-operational-support-grade-hmp-bedford-prison-support-role-at-hm-prison-and-probation-service-3678869945?refId=Pxzkg27NAx0IpkLHYInmHg%3D%3D&trackingId=XOYruRspzQd3GmhFzuXuZQ%3D%3D&position=20&pageNum=1&trk=public_jobs_jserp-result_search-card,"Bedford, England, United Kingdom",HM Prison and Probation Service
45,Service Advisor,https://uk.linkedin.com/jobs/view/service-advisor-at-kpi-people-3678886487?refId=Pxzkg27NAx0IpkLHYInmHg%3D%3D&trackingId=IijF7Ezo3xDNbVDDtqOG8w%3D%3D&position=21&pageNum=1&trk=public_jobs_jserp-result_search-card,"Bedford, England, United Kingdom",KPI People
46,"Buyer                                        Verto People Ltd                              Bedford, England, United Kingdom                      £25,000.00            -            £30,000.00                   Be an early applicant                                                                                                                                           7 hours ago",https://uk.linkedin.com/jobs/view/buyer-at-verto-people-ltd-3679307276?refId=Pxzkg27NAx0IpkLHYInmHg%3D%3D&trackingId=h3BWHG09r7%2FiOxUrOUxi0w%3D%3D&position=22&pageNum=1&trk=public_jobs_jserp-result_search-card,"Bedford, England, United Kingdom",Verto People Ltd
47,"Field Service Engineer - HP, DELL, Windows",https://uk.linkedin.com/jobs/view/field-service-engineer-hp-dell-windows-at-careeraddict-3677842096?refId=Pxzkg27NAx0IpkLHYInmHg%3D%3D&trackingId=Bkap1WT%2BDCNdaILXQxTvfg%3D%3D&position=23&pageNum=1&trk=public_jobs_jserp-result_search-card,"Bedford, England, United Kingdom",CareerAddict
48,Core Subject Teacher,https://uk.linkedin.com/jobs/view/core-subject-teacher-at-teaching-personnel-3679118133?refId=Pxzkg27NAx0IpkLHYInmHg%3D%3D&trackingId=f3%2FRSAzhFQfL19C0QxZREA%3D%3D&position=24&pageNum=1&trk=public_jobs_jserp-result_search-card,"Bedford, England, United Kingdom",Teaching Personnel
49,Day to Day supply Teacher in Bedfordshire,https://uk.linkedin.com/jobs/view/day-to-day-supply-teacher-in-bedfordshire-at-teaching-personnel-3679117364?refId=Pxzkg27NAx0IpkLHYInmHg%3D%3D&trackingId=Dlc9%2F5Qtu9RFfoNWrZzgMg%3D%3D&position=25&pageNum=1&trk=public_jobs_jserp-result_search-card,"Bedfordshire, England, United Kingdom",Teaching Personnel
50,Category Specialist-Operations & Community Services,https://uk.linkedin.com/jobs/view/category-specialist-operations-community-services-at-crooton-3674584936?refId=vt%2Fj3fPUccRRa4Yw30%2BeaQ%3D%3D&trackingId=c3oNHV138MFOlYdTstKFWQ%3D%3D&position=1&pageNum=2&trk=public_jobs_jserp-result_search-card,"Kempston, England, United Kingdom",crooton
51,Spanish Teacher Needed - Elite School in Bedford,https://uk.linkedin.com/jobs/view/spanish-teacher-needed-elite-school-in-bedford-at-wayman-recruitment-group-3679337533?refId=vt%2Fj3fPUccRRa4Yw30%2BeaQ%3D%3D&trackingId=RKabO%2B2onVw0tNEDADoFaA%3D%3D&position=2&pageNum=2&trk=public_jobs_jserp-result_search-card,"Bedford, England, United Kingdom",Wayman Recruitment Group
52,Planner,https://uk.linkedin.com/jobs/view/planner-at-saint-gobain-weber-uk-ireland-3679144806?refId=vt%2Fj3fPUccRRa4Yw30%2BeaQ%3D%3D&trackingId=LpoM65JtybKRLOA2Jjuzog%3D%3D&position=3&pageNum=2&trk=public_jobs_jserp-result_search-card,"Flitwick, England, United Kingdom",Saint-Gobain Weber UK & Ireland
53,Sales Advisor,https://uk.linkedin.com/jobs/view/sales-advisor-at-dunster-house-3679305096?refId=vt%2Fj3fPUccRRa4Yw30%2BeaQ%3D%3D&trackingId=cho99KiORxGcEsRRU1n0Gw%3D%3D&position=4&pageNum=2&trk=public_jobs_jserp-result_search-card,"Salph End, England, United Kingdom",Dunster House
54,"Commis Chef                                        Rico Property Finance Ltd (T/A D&amp;amp;R Recruitment)                              Roxton, England, United Kingdom                      £22,000.00            -            £22,000.00                   Be an early applicant                                                                                                                                           8 hours ago",https://uk.linkedin.com/jobs/view/commis-chef-at-rico-property-finance-ltd-t-a-d-amp-amp-r-recruitment-3679196673?refId=vt%2Fj3fPUccRRa4Yw30%2BeaQ%3D%3D&trackingId=2BoDvcS74Zpd23QZPpriKA%3D%3D&position=5&pageNum=2&trk=public_jobs_jserp-result_search-card,"Roxton, England, United Kingdom",Rico Property Finance Ltd (T/A D&amp;amp;R Recruitment)
55,Year 3 Teacher,https://uk.linkedin.com/jobs/view/year-3-teacher-at-dunbar-education-3679301198?refId=vt%2Fj3fPUccRRa4Yw30%2BeaQ%3D%3D&trackingId=sf7rTvejaXxJb%2BUv7y98Cw%3D%3D&position=6&pageNum=2&trk=public_jobs_jserp-result_search-card,"Bedfordshire, England, United Kingdom",Dunbar Education
56,Supermarket Assistant,https://uk.linkedin.com/jobs/view/supermarket-assistant-at-waitrose-partners-3679305314?refId=vt%2Fj3fPUccRRa4Yw30%2BeaQ%3D%3D&trackingId=NUs6MfYjuk7MnNvF2TFAiQ%3D%3D&position=7&pageNum=2&trk=public_jobs_jserp-result_search-card,"Ampthill, England, United Kingdom",Waitrose & Partners
57,Year 3 Teacher,https://uk.linkedin.com/jobs/view/year-3-teacher-at-dunbar-education-3675126915?refId=vt%2Fj3fPUccRRa4Yw30%2BeaQ%3D%3D&trackingId=4WagUybBR%2BBYIARkXptWYg%3D%3D&position=8&pageNum=2&trk=public_jobs_jserp-result_search-card,"Bedford, England, United Kingdom",Dunbar Education
58,Diagnostic Business Development Manager,https://uk.linkedin.com/jobs/view/diagnostic-business-development-manager-at-ramsay-health-care-uk-3677433197?refId=vt%2Fj3fPUccRRa4Yw30%2BeaQ%3D%3D&trackingId=q4KbJCZHCpXJ3gw83fnY4A%3D%3D&position=9&pageNum=2&trk=public_jobs_jserp-result_search-card,"Bedford, England, United Kingdom",Ramsay Health Care UK
59,Outreach Tutor,https://uk.linkedin.com/jobs/view/outreach-tutor-at-the-esland-group-ltd-3675115884?refId=vt%2Fj3fPUccRRa4Yw30%2BeaQ%3D%3D&trackingId=cnAO6v2OUzTHKEx2t%2F6ZRA%3D%3D&position=10&pageNum=2&trk=public_jobs_jserp-result_search-card,"Bedford, England, United Kingdom",The Esland Group Ltd
60,SEN Teaching Assistant,https://uk.linkedin.com/jobs/view/sen-teaching-assistant-at-dunbar-education-3679318504?refId=vt%2Fj3fPUccRRa4Yw30%2BeaQ%3D%3D&trackingId=28mRJHjhNJJqMSd0Duk8fg%3D%3D&position=11&pageNum=2&trk=public_jobs_jserp-result_search-card,"Bedford, England, United Kingdom",Dunbar Education
61,"Vehicle Technician                                        Get Staff                              Bedford, England, United Kingdom                      £25,000.00            -            £38,000.00                   Be an early applicant                                                                                                                                           8 hours ago",https://uk.linkedin.com/jobs/view/vehicle-technician-at-get-staff-3679303373?refId=vt%2Fj3fPUccRRa4Yw30%2BeaQ%3D%3D&trackingId=gsI1WTsw6SZtZUgYn%2Bq0FA%3D%3D&position=12&pageNum=2&trk=public_jobs_jserp-result_search-card,"Bedford, England, United Kingdom",Get Staff
62,"Buyer                                        Premier Engineering                              Bedfordshire, England, United Kingdom                      £25,000.00            -            £30,000.00                   Be an early applicant                                                                                                                                           8 hours ago",https://uk.linkedin.com/jobs/view/buyer-at-premier-engineering-3679198853?refId=vt%2Fj3fPUccRRa4Yw30%2BeaQ%3D%3D&trackingId=5MIa5E3kSMBt1je24ufCJw%3D%3D&position=13&pageNum=2&trk=public_jobs_jserp-result_search-card,"Bedfordshire, England, United Kingdom",Premier Engineering
63,"Transport Planner                                        MAS Resourcing                              Bedford, England, United Kingdom                      £31,000.00            -            £31,500.00                   Be an early applicant                                                                                                                                           8 hours ago",https://uk.linkedin.com/jobs/view/transport-planner-at-mas-resourcing-3679199551?refId=vt%2Fj3fPUccRRa4Yw30%2BeaQ%3D%3D&trackingId=aXrMcj1%2B3Jfw3p2g%2BNkJxQ%3D%3D&position=14&pageNum=2&trk=public_jobs_jserp-result_search-card,"Bedford, England, United Kingdom",MAS Resourcing
64,"Recruitment Manager                                        Venture Placements                              Bedford, England, United Kingdom                      £40,000.00            -            £45,000.00                   Be an early applicant                                                                                                                                           7 hours ago",https://uk.linkedin.com/jobs/view/recruitment-manager-at-venture-placements-3679303631?refId=vt%2Fj3fPUccRRa4Yw30%2BeaQ%3D%3D&trackingId=HuONLsrE%2BLCcKNiZdnbjGg%3D%3D&position=15&pageNum=2&trk=public_jobs_jserp-result_search-card,"Bedford, England, United Kingdom",Venture Placements
65,"Sales Admin Manager                                        More Recruitment Solutions                              Bedford, England, United Kingdom                      £35,000.00            -            £38,000.00                   Be an early applicant                                                                                                                                           8 hours ago",https://uk.linkedin.com/jobs/view/sales-admin-manager-at-more-recruitment-solutions-3679304028?refId=vt%2Fj3fPUccRRa4Yw30%2BeaQ%3D%3D&trackingId=SB7J1Ds%2B1VVCKgAky5IqgQ%3D%3D&position=16&pageNum=2&trk=public_jobs_jserp-result_search-card,"Bedford, England, United Kingdom",More Recruitment Solutions
66,Kitchen Manager,https://uk.linkedin.com/jobs/view/kitchen-manager-at-wells-and-co-3678857729?refId=vt%2Fj3fPUccRRa4Yw30%2BeaQ%3D%3D&trackingId=Q7TT89l3mLaHP7SwCw6DUw%3D%3D&position=17&pageNum=2&trk=public_jobs_jserp-result_search-card,"Bedford, England, United Kingdom",Wells and Co.
67,"Kitchen Assistant                                        Rico Property Finance Ltd (T/A D&amp;amp;R Recruitment)                              Wyboston, England, United Kingdom                      £20,000.00            -            £23,000.00                   Be an early applicant                                                                                                                                           8 hours ago",https://uk.linkedin.com/jobs/view/kitchen-assistant-at-rico-property-finance-ltd-t-a-d-amp-amp-r-recruitment-3679193875?refId=vt%2Fj3fPUccRRa4Yw30%2BeaQ%3D%3D&trackingId=FWcm1s8D7ScS5YN5SAL%2Fbg%3D%3D&position=18&pageNum=2&trk=public_jobs_jserp-result_search-card,"Wyboston, England, United Kingdom",Rico Property Finance Ltd (T/A D&amp;amp;R Recruitment)
68,Senior Firmware Engineer,https://uk.linkedin.com/jobs/view/senior-firmware-engineer-at-redline-group-specialist-recruitment-for-technology-electronics-companies-3677293614?refId=vt%2Fj3fPUccRRa4Yw30%2BeaQ%3D%3D&trackingId=dRCIp%2F8dGjin%2BFfr0nsSMQ%3D%3D&position=19&pageNum=2&trk=public_jobs_jserp-result_search-card,"Bedford, England, United Kingdom",Redline Group - Specialist Recruitment for Technology & Electronics Companies
69,Social Work Advanced Practitioner - Adults Best Interest Aseser - DoLS,https://uk.linkedin.com/jobs/view/social-work-advanced-practitioner-adults-best-interest-aseser-dols-at-sanctuary-personnel-3678881737?refId=vt%2Fj3fPUccRRa4Yw30%2BeaQ%3D%3D&trackingId=LNvDaGfpJCYsJAnrBd0WoA%3D%3D&position=20&pageNum=2&trk=public_jobs_jserp-result_search-card,"Bedford, England, United Kingdom",Sanctuary Personnel
70,"Deputy Store Manager                                        Paint Red Ltd                              Bedford, England, United Kingdom                      £24,000.00            -            £27,000.00                   Be an early applicant                                                                                                                                           8 hours ago",https://uk.linkedin.com/jobs/view/deputy-store-manager-at-paint-red-ltd-3679303289?refId=vt%2Fj3fPUccRRa4Yw30%2BeaQ%3D%3D&trackingId=gW2n0fMvtdZjZZuohO1iPA%3D%3D&position=21&pageNum=2&trk=public_jobs_jserp-result_search-card,"Bedford, England, United Kingdom",Paint Red Ltd
71,Customer Success Sales Representative (PR- 1149703:HERT),https://uk.linkedin.com/jobs/view/customer-success-sales-representative-pr-1149703-hert-at-pareto-3679180544?refId=vt%2Fj3fPUccRRa4Yw30%2BeaQ%3D%3D&trackingId=i8c%2FquT5PtqFpIq7v0WsZw%3D%3D&position=22&pageNum=2&trk=public_jobs_jserp-result_search-card,"Bedford, England, United Kingdom",Pareto
72,Korean Games Tester,https://uk.linkedin.com/jobs/view/korean-games-tester-at-universally-speaking-3679101289?refId=vt%2Fj3fPUccRRa4Yw30%2BeaQ%3D%3D&trackingId=UtQed%2FkXhjg7Bn%2BcW3WkWg%3D%3D&position=23&pageNum=2&trk=public_jobs_jserp-result_search-card,"Wyboston, England, United Kingdom",Universally Speaking
73,German Games Tester,https://uk.linkedin.com/jobs/view/german-games-tester-at-universally-speaking-3679103553?refId=vt%2Fj3fPUccRRa4Yw30%2BeaQ%3D%3D&trackingId=N2Wk8KhmE3SOoFA%2FgDcOxw%3D%3D&position=24&pageNum=2&trk=public_jobs_jserp-result_search-card,"Wyboston, England, United Kingdom",Universally Speaking
74,Field Services Engineer,https://uk.linkedin.com/jobs/view/field-services-engineer-at-clickjobs-io-3677455431?refId=vt%2Fj3fPUccRRa4Yw30%2BeaQ%3D%3D&trackingId=%2FM%2FPfcI9PuOth0S1rAIIfA%3D%3D&position=25&pageNum=2&trk=public_jobs_jserp-result_search-card,"Bedford, England, United Kingdom",ClickJobs.io
